entry_id,category,title,year_or_record_date,pmid,doi,nct,source_url,verification
S0001,BRAF treatment,"Encorafenib, Binimetinib, and Cetuximab in  BRAF  V600E-Mutated Colorectal Cancer.",2019,31566309,10.1056/NEJMoa1908075,,https://pubmed.ncbi.nlm.nih.gov/31566309/,imported_metadata_not_independently_verified
S0002,BRAF treatment,"Encorafenib, Binimetinib, and Cetuximab in BRAF V600E-Mutated Colorectal Cancer.",2020,32470910,10.1016/j.tranon.2020.100795,,https://pubmed.ncbi.nlm.nih.gov/32470910/,imported_metadata_not_independently_verified
S0003,BRAF treatment,Encorafenib Plus Cetuximab as a New Standard of Care for Previously Treated  BRAF  V600E-Mutant Metastatic Colorectal Cancer: Updated Survival Results and Subgroup Analyses from the BEACON Study.,2021,33503393,10.1200/JCO.20.02088,,https://pubmed.ncbi.nlm.nih.gov/33503393/,imported_metadata_not_independently_verified
S0004,BRAF treatment,"ANCHOR CRC: Results From a Single-Arm, Phase II Study of Encorafenib Plus Binimetinib and Cetuximab in Previously Untreated  BRAF V600E -Mutant Metastatic Colorectal Cancer.",2023,36763936,10.1200/JCO.22.01693,,https://pubmed.ncbi.nlm.nih.gov/36763936/,imported_metadata_not_independently_verified
S0005,BRAF treatment,"First-line systemic treatment strategies in patients with initially unresectable colorectal cancer liver metastases (CAIRO5): an open-label, multicentre, randomised, controlled, phase 3 study from the Dutch Colorectal Cancer Group.",2023,37329889,10.1016/S1470-2045(23)00219-X,,https://pubmed.ncbi.nlm.nih.gov/37329889/,imported_metadata_not_independently_verified
S0006,BRAF treatment,FOLFOXIRI Plus Cetuximab or Bevacizumab as First-Line Treatment of  BRAF V600E -Mutant Metastatic Colorectal Cancer: The Randomized Phase II FIRE-4.5 (AIO KRK0116) Study.,2023,37352476,10.1200/JCO.22.01420,,https://pubmed.ncbi.nlm.nih.gov/37352476/,imported_metadata_not_independently_verified
S0007,BRAF treatment,"Pan-Asian adapted ESMO Clinical Practice Guidelines for the diagnosis, treatment and follow-up of patients with metastatic colorectal cancer.",2023,37236086,10.1016/j.esmoop.2023.101558,,https://pubmed.ncbi.nlm.nih.gov/37236086/,imported_metadata_not_independently_verified
S0008,BRAF treatment,Treatment of Metastatic Colorectal Cancer: ASCO Guideline.,2023,36252154,10.1200/JCO.22.01690,,https://pubmed.ncbi.nlm.nih.gov/36252154/,imported_metadata_not_independently_verified
S0009,BRAF treatment,Molecular profiling of BRAF-V600E-mutant metastatic colorectal cancer in the phase 3 BEACON CRC trial.,2024,39313594,10.1038/s41591-024-03235-9,,https://pubmed.ncbi.nlm.nih.gov/39313594/,imported_metadata_not_independently_verified
S0010,BRAF treatment,SEAMARK: phase II study of first-line encorafenib and cetuximab plus pembrolizumab for MSI-H/dMMR  BRAF V600E-mutant mCRC.,2024,37815847,10.2217/fon-2022-1249,,https://pubmed.ncbi.nlm.nih.gov/37815847/,imported_metadata_not_independently_verified
S0011,BRAF treatment,Treatment of patients with BRAF V600E -mutated metastatic colorectal cancer after progression to encorafenib and cetuximab: data from a real-world nationwide dataset.,2024,38613911,10.1016/j.esmoop.2024.102996,,https://pubmed.ncbi.nlm.nih.gov/38613911/,imported_metadata_not_independently_verified
S0012,BRAF treatment,BREAKWATER Phase III: results for encorafenib and cetuximab plus mFOLFOX6 in first-line  BRAF  V600E-mutant metastatic colorectal cancer.,2025,41230651,10.1080/14796694.2025.2579882,,https://pubmed.ncbi.nlm.nih.gov/41230651/,imported_metadata_not_independently_verified
S0013,BRAF treatment,"Encorafenib, cetuximab and chemotherapy in BRAF-mutant colorectal cancer: a randomized phase 3 trial.",2025,39863775,10.1038/s41591-024-03443-3,,https://pubmed.ncbi.nlm.nih.gov/39863775/,imported_metadata_not_independently_verified
S0014,BRAF treatment,"Encorafenib, Cetuximab, and mFOLFOX6 in  BRAF -Mutated Colorectal Cancer.",2025,40444708,10.1056/NEJMoa2501912,,https://pubmed.ncbi.nlm.nih.gov/40444708/,imported_metadata_not_independently_verified
S0015,BRAF treatment,"FOLFOXIRI/bevacizumab versus doublets/bevacizumab as initial therapy of unresectable liver-only, right-sided and/or RAS or BRAF mutated metastatic colorectal cancer: An individual patient data-based pooled analysis of randomized trials.",2025,40865392,10.1016/j.ejca.2025.115713,,https://pubmed.ncbi.nlm.nih.gov/40865392/,imported_metadata_not_independently_verified
S0016,BRAF treatment,Personalized therapy in metastatic colorectal cancer: biomarker-driven use of biologics.,2025,40904207,10.1080/14712598.2025.2556911,,https://pubmed.ncbi.nlm.nih.gov/40904207/,imported_metadata_not_independently_verified
S0017,BRAF treatment,Real-world characteristics and outcomes of patients with BRAF V600E -mutant metastatic colorectal cancer in Australia: the COALA project.,2025,41646214,10.1016/j.esmorw.2025.100178,,https://pubmed.ncbi.nlm.nih.gov/41646214/,imported_metadata_not_independently_verified
S0018,BRAF treatment,Targeted doublet therapy with encorafenib and cetuximab for BRAF V600E-mutant metastatic colorectal cancer: A systematic review and meta-analysis.,2025,40976455,10.1016/j.critrevonc.2025.104947,,https://pubmed.ncbi.nlm.nih.gov/40976455/,imported_metadata_not_independently_verified
S0019,BRAF treatment,"What Is Next for Refractory Colorectal Cancer CRC? Looking Beyond SUNLIGHT, FRESCO2, RECURSE and CORRECT.",2025,40141164,10.3390/ijms26062522,,https://pubmed.ncbi.nlm.nih.gov/40141164/,imported_metadata_not_independently_verified
S0020,BRAF treatment,"A randomised study of encorafenib, cetuximab, and FOLFIRI versus FOLFIRI with or without bevacizumab in BRAF V600E-mutant colorectal cancer: BREAKWATER Cohort 3.",2026,42219860,10.1016/j.annonc.2026.04.017,,https://pubmed.ncbi.nlm.nih.gov/42219860/,imported_metadata_not_independently_verified
S0021,BRAF treatment,A Randomized Trial of Encorafenib and Cetuximab Versus Irinotecan/Cetuximab or FOLFIRI/Cetuximab in Chinese Patients With BRAF V600E  Mutant Metastatic Colorectal Cancer: The NAUTICAL Study.,2026,41852303,10.1002/cam4.71697,,https://pubmed.ncbi.nlm.nih.gov/41852303/,imported_metadata_not_independently_verified
S0022,BRAF treatment,BRAF V600E-Mutated Metastatic Colorectal Cancer: Practical Management in the Post-BREAKWATER Era.,2026,42671662,10.1007/s12029-026-01581-0,,https://pubmed.ncbi.nlm.nih.gov/42671662/,imported_metadata_not_independently_verified
S0023,BRAF treatment,First-line treatment efficacy of anti-EGFR versus anti-VEGF antibodies in BRAF V600E -mutated metastatic colorectal cancer according to primary tumor sidedness: A pooled analysis of seven clinical trials performed in the first-line treatment of mCRC (German AIO Study Group).,2026,41240527,10.1016/j.ejca.2025.116105,,https://pubmed.ncbi.nlm.nih.gov/41240527/,imported_metadata_not_independently_verified
S0024,BRAF treatment,Practice-Changing Trials in Gastrointestinal Cancers at ASCO 2025: A Critical Review and Clinical Context.,2026,41960736,10.1080/07357907.2026.2654136,,https://pubmed.ncbi.nlm.nih.gov/41960736/,imported_metadata_not_independently_verified
S0025,BRAF treatment,"Real-world outcomes of encorafenib, cetuximab ± binimetinib for BRAF‑mutated metastatic colorectal cancer: the BEETS (JACCRO CC‑18) study.",2026,41761577,10.1093/oncolo/oyag068,,https://pubmed.ncbi.nlm.nih.gov/41761577/,imported_metadata_not_independently_verified
S0026,BRAF treatment,Switch from cetuximab to panitumumab during encorafenib-based therapy in BRAF V600E mutated metastatic colorectal cancer: An international multicenter analysis from the AGEO group.,2026,41412477,10.1016/j.clinre.2025.102746,,https://pubmed.ncbi.nlm.nih.gov/41412477/,imported_metadata_not_independently_verified
S0027,BRAF treatment,"The past, present, and future treatment of BRAFV600-mutant metastatic colorectal cancer: A comprehensive review.",2026,42590883,10.1002/cncr.70569,,https://pubmed.ncbi.nlm.nih.gov/42590883/,imported_metadata_not_independently_verified
S0028,BRAF treatment,"Treatment Selection Beyond Second Line in Metastatic Colorectal Cancer: Practical Sequencing of Cytotoxic Salvage Therapy, Anti-angiogenic Agents, Rechallenge Strategies, and Biomarker-Guided Treatments.",2026,42423856,10.1007/s12029-026-01524-9,,https://pubmed.ncbi.nlm.nih.gov/42423856/,imported_metadata_not_independently_verified
S0029,Resistance,"Combined BRAF, EGFR, and MEK Inhibition in Patients with  BRAF V600E -Mutant Colorectal Cancer.",2018,29431699,10.1158/2159-8290.CD-17-1226,,https://pubmed.ncbi.nlm.nih.gov/29431699/,imported_metadata_not_independently_verified
S0030,Resistance,Molecular mechanisms underlying the resistance of BRAF V600E-mutant metastatic colorectal cancer to EGFR/BRAF inhibitors.,2022,35747165,10.1177/17588359221105022,,https://pubmed.ncbi.nlm.nih.gov/35747165/,imported_metadata_not_independently_verified
S0031,Resistance,"Predictive and prognostic biomarkers with therapeutic targets in colorectal cancer: A 2021 update on current development, evidence, and recommendation.",2022,33832365,10.1177/10781552211005525,,https://pubmed.ncbi.nlm.nih.gov/33832365/,imported_metadata_not_independently_verified
S0032,Resistance,A Phase Ib/II Trial of Combined BRAF and EGFR Inhibition in BRAF V600E Positive Metastatic Colorectal Cancer and Other Cancers: The EVICT (Erlotinib and Vemurafenib In Combination Trial) Study.,2023,36638198,10.1158/1078-0432.CCR-22-3094,,https://pubmed.ncbi.nlm.nih.gov/36638198/,imported_metadata_not_independently_verified
S0033,Resistance,Sotorasib plus Panitumumab in Refractory Colorectal Cancer with Mutated  KRAS  G12C.,2023,37870968,10.1056/NEJMoa2308795,,https://pubmed.ncbi.nlm.nih.gov/37870968/,imported_metadata_not_independently_verified
S0034,Resistance,BRAF - a tumour-agnostic drug target with lineage-specific dependencies.,2024,38278874,10.1038/s41571-023-00852-0,,https://pubmed.ncbi.nlm.nih.gov/38278874/,imported_metadata_not_independently_verified
S0035,Resistance,BRAF -mutant microsatellite-stable rectal cancer with acquired  KRAS  mutation leading to drug resistance in liver metastasis.,2024,38962037,10.1007/s13691-024-00678-2,,https://pubmed.ncbi.nlm.nih.gov/38962037/,imported_metadata_not_independently_verified
S0036,Resistance,The Discovery of Exarafenib (KIN-2787): Overcoming the Challenges of Pan-RAF Kinase Inhibition.,2024,38230963,10.1021/acs.jmedchem.3c01830,,https://pubmed.ncbi.nlm.nih.gov/38230963/,imported_metadata_not_independently_verified
S0037,Resistance,Retrospective stratified analysis of resistance mechanisms to anti-EGFR therapy in mCRC using tumor tissue samples.,2025,40467730,10.1038/s41598-025-03684-3,,https://pubmed.ncbi.nlm.nih.gov/40467730/,imported_metadata_not_independently_verified
S0038,Resistance,BRAF V600E  patient derived colon cancer organoids identify biomarkers of response to EGFR and BRAF inhibition and replicate clinical data.,2026,41882736,10.1186/s13046-026-03699-2,,https://pubmed.ncbi.nlm.nih.gov/41882736/,imported_metadata_not_independently_verified
S0039,Resistance,CDK9 inhibition sensitizes intrinsically resistant  BRAF   V600E  mutant colorectal cancer to BRAF inhibitors.,2026,42592061,10.1016/j.apsb.2026.05.008,,https://pubmed.ncbi.nlm.nih.gov/42592061/,imported_metadata_not_independently_verified
S0040,Resistance,CFT1946 Is an Orally Available Brain-Penetrant BRAFV600-Mutant Degrader That Overcomes BRAF Inhibitor Resistance.,2026,41150906,10.1158/0008-5472.CAN-25-1301,,https://pubmed.ncbi.nlm.nih.gov/41150906/,imported_metadata_not_independently_verified
S0041,Resistance,Early ctDNA Dynamics Predict Response to Mosperafenib in BRAF V600-Mutant Metastatic Colorectal Cancer.,2026,42127914,10.1158/2767-9764.CRC-26-0196,,https://pubmed.ncbi.nlm.nih.gov/42127914/,imported_metadata_not_independently_verified
S0042,Resistance,Functional precision oncology platform of BRAF V600E -mutated colorectal cancer organoids predicts therapy response and reveals RNF43-mediated immunogenicity.,2026,42190325,10.1016/j.drup.2026.101414,,https://pubmed.ncbi.nlm.nih.gov/42190325/,imported_metadata_not_independently_verified
S0043,Resistance,Inhibition of fatty acid synthase enhances therapeutic efficacy and delays acquired resistance to BRAF-targeted therapy in colorectal cancer.,2026,41650686,10.1016/j.neo.2026.101283,,https://pubmed.ncbi.nlm.nih.gov/41650686/,imported_metadata_not_independently_verified
S0044,Resistance,KRAS G12C-mutated Metastatic Colorectal Cancer: Current Therapeutic Strategies and Future Directions.,2026,42611092,10.1007/s12029-026-01547-2,,https://pubmed.ncbi.nlm.nih.gov/42611092/,imported_metadata_not_independently_verified
S0045,Resistance,Landscape of acquired resistance alterations in gastrointestinal malignancies after genomically targeted therapy.,2026,42703482,10.21037/jgo-2025-1-1025,,https://pubmed.ncbi.nlm.nih.gov/42703482/,imported_metadata_not_independently_verified
S0046,Resistance,"Mosperafenib, a Novel Paradox-Breaker BRAF Inhibitor with Potent Preclinical Activity in BRAF-Mutated Colorectal Cancer.",2026,41340484,10.1158/1535-7163.MCT-25-0562,,https://pubmed.ncbi.nlm.nih.gov/41340484/,imported_metadata_not_independently_verified
S0047,MSS immunotherapy,Advances in immune checkpoint inhibitor combination strategies for microsatellite stable colorectal cancer.,2023,36816981,10.3389/fonc.2023.1112276,,https://pubmed.ncbi.nlm.nih.gov/36816981/,imported_metadata_not_independently_verified
S0048,MSS immunotherapy,Challenges and exploration for immunotherapies targeting cold colorectal cancer.,2023,36684057,10.4251/wjgo.v15.i1.55,,https://pubmed.ncbi.nlm.nih.gov/36684057/,imported_metadata_not_independently_verified
S0049,MSS immunotherapy,"Combined PD-1, BRAF and MEK inhibition in BRAF V600E  colorectal cancer: a phase 2 trial.",2023,36702949,10.1038/s41591-022-02181-8,,https://pubmed.ncbi.nlm.nih.gov/36702949/,imported_metadata_not_independently_verified
S0050,MSS immunotherapy,Neoadjuvant botensilimab plus balstilimab response pattern in locally advanced mismatch repair proficient colorectal cancer.,2023,37731056,10.1038/s41388-023-02835-y,,https://pubmed.ncbi.nlm.nih.gov/37731056/,imported_metadata_not_independently_verified
S0051,MSS immunotherapy,T Cells in Colorectal Cancer: Unravelling the Function of Different T Cell Subsets in the Tumor Microenvironment.,2023,37511431,10.3390/ijms241411673,,https://pubmed.ncbi.nlm.nih.gov/37511431/,imported_metadata_not_independently_verified
S0052,MSS immunotherapy,Botensilimab plus balstilimab in relapsed/refractory microsatellite stable metastatic colorectal cancer: a phase 1 trial.,2024,38871975,10.1038/s41591-024-03083-7,,https://pubmed.ncbi.nlm.nih.gov/38871975/,imported_metadata_not_independently_verified
S0053,MSS immunotherapy,Colorectal cancer with BRAF V600E mutation: Trends in immune checkpoint inhibitor treatment.,2024,39245296,10.1016/j.critrevonc.2024.104497,,https://pubmed.ncbi.nlm.nih.gov/39245296/,imported_metadata_not_independently_verified
S0054,MSS immunotherapy,Complete response of metastatic microsatellite-stable  BRAF  V600E colorectal cancer to first-line oxaliplatin-based chemotherapy and immune checkpoint blockade.,2024,38952672,10.1080/2162402X.2024.2372886,,https://pubmed.ncbi.nlm.nih.gov/38952672/,imported_metadata_not_independently_verified
S0055,MSS immunotherapy,Neoadjuvant Immunotherapy in Locally Advanced Mismatch Repair-Deficient Colon Cancer.,2024,38838311,10.1056/NEJMoa2400634,,https://pubmed.ncbi.nlm.nih.gov/38838311/,imported_metadata_not_independently_verified
S0056,MSS immunotherapy,"[A retrospective study of BRAF inhibitors and EGFR inhibitors combined with immune checkpoint inhibitors in patients with microsatellite stable, BRAF V600E mutated metastatic colorectal cancer].",2025,40967883,10.3760/cma.j.cn112152-20250101-00002,,https://pubmed.ncbi.nlm.nih.gov/40967883/,imported_metadata_not_independently_verified
S0057,MSS immunotherapy,"Antibody-drug conjugates as immuno-oncology agents in colorectal cancer: targets, payloads, and therapeutic synergies.",2025,41256852,10.3389/fimmu.2025.1678907,,https://pubmed.ncbi.nlm.nih.gov/41256852/,imported_metadata_not_independently_verified
S0058,MSS immunotherapy,Hidden spark: From cold to hot in BRAF colorectal cancer.,2025,41072415,10.1016/j.ccell.2025.09.008,,https://pubmed.ncbi.nlm.nih.gov/41072415/,imported_metadata_not_independently_verified
S0059,MSS immunotherapy,Neoadjuvant immunotherapy in mismatch-repair-proficient colon cancers.,2025,41115454,10.1038/s41586-025-09679-4,,https://pubmed.ncbi.nlm.nih.gov/41115454/,imported_metadata_not_independently_verified
S0060,MSS immunotherapy,"Phase 1/2 trial of encorafenib, cetuximab, and nivolumab in microsatellite stable BRAF V600E  metastatic colorectal cancer.",2025,40882637,10.1016/j.ccell.2025.08.002,,https://pubmed.ncbi.nlm.nih.gov/40882637/,imported_metadata_not_independently_verified
S0061,MSS immunotherapy,Targeted Deletion of Peroxiredoxin 1 Enhances Anti-Tumor Immunity in Colorectal Cancer by Reprogramming the Immunosuppressive Tumor-Associated Macrophages.,2025,41306557,10.1002/mco2.70495,,https://pubmed.ncbi.nlm.nih.gov/41306557/,imported_metadata_not_independently_verified
S0062,MSS immunotherapy,"Vemurafenib, cetuximab and camrelizumab in BRAF V600E-mutated/MSS metastatic colorectal cancer.",2025,41225509,10.1186/s12967-025-07312-6,,https://pubmed.ncbi.nlm.nih.gov/41225509/,imported_metadata_not_independently_verified
S0063,MSS immunotherapy,Advances in immunotherapy for colorectal cancer: overcoming resistance in mismatch repair-proficient tumors.,2026,41715188,10.1186/s12935-026-04177-7,,https://pubmed.ncbi.nlm.nih.gov/41715188/,imported_metadata_not_independently_verified
S0064,MSS immunotherapy,Macrophage Polarization as a Target for Colorectal Cancer Treatment Optimization: A Systematic Review.,2026,42449595,10.3390/cancers18132049,,https://pubmed.ncbi.nlm.nih.gov/42449595/,imported_metadata_not_independently_verified
S0065,MSS immunotherapy,Mechanisms and Emerging Strategies to Overcome Immunotherapy Resistance in Cold Tumours of Colorectal Cancer.,2026,42328283,10.2147/OTT.S621109,,https://pubmed.ncbi.nlm.nih.gov/42328283/,imported_metadata_not_independently_verified
S0066,MSS immunotherapy,Prognostic Impact of Blood Tumor Mutational Burden in pMMR/MSS Metastatic Colorectal Cancer Assessed by FoundationOne ®  Liquid CDx.,2026,41681987,10.3390/cancers18030515,,https://pubmed.ncbi.nlm.nih.gov/41681987/,imported_metadata_not_independently_verified
S0067,MSS immunotherapy,Prolonged response to pembrolizumab in BRAFV600E microsatellite stable metastatic colorectal cancer following an increase in tumor mutational burden.,2026,42093086,10.1093/oncolo/oyag161,,https://pubmed.ncbi.nlm.nih.gov/42093086/,imported_metadata_not_independently_verified
S0068,MSS immunotherapy,Refractory microsatellite-stable metastatic colorectal cancer: a comparison between botensilimab + balstilimab and current standard of care.,2026,41502912,10.1016/j.iotech.2025.101558,,https://pubmed.ncbi.nlm.nih.gov/41502912/,imported_metadata_not_independently_verified
S0069,MSS immunotherapy,Tumor-derived antioxidants suppress immunity by depriving T cells of reactive oxygen species.,2026,42691162,10.1126/science.adz8203,,https://pubmed.ncbi.nlm.nih.gov/42691162/,imported_metadata_not_independently_verified
S0070,MSS immunotherapy,WNT-Driven Immune Evasion Promotes Malignant Transformation of BRAF-Mutant Colorectal Cancer.,2026,42612882,10.1053/j.gastro.2026.07.035,,https://pubmed.ncbi.nlm.nih.gov/42612882/,imported_metadata_not_independently_verified
S0071,Local treatment and oligoprogression,Selective internal radiation therapy for liver metastases from colorectal cancer.,2016,27690234,10.1016/j.ctrv.2016.09.007,,https://pubmed.ncbi.nlm.nih.gov/27690234/,imported_metadata_not_independently_verified
S0072,Local treatment and oligoprogression,Effect of KRAS and BRAF Mutations on Survival of Metastatic Colorectal Cancer After Liver Resection: A Systematic Review and Meta-Analysis.,2017,28216246,10.1016/j.clcc.2017.01.004,,https://pubmed.ncbi.nlm.nih.gov/28216246/,imported_metadata_not_independently_verified
S0073,Local treatment and oligoprogression,Colorectal liver metastases: surgery versus thermal ablation (COLLISION) - a phase III single-blind prospective randomized controlled trial.,2018,30111304,10.1186/s12885-018-4716-8,,https://pubmed.ncbi.nlm.nih.gov/30111304/,imported_metadata_not_independently_verified
S0074,Local treatment and oligoprogression,"Cytoreduction for colorectal metastases: liver, lung, peritoneum, lymph nodes, bone, brain. When does it palliate, prolong survival, and potentially cure?",2018,30526930,10.1067/j.cpsurg.2018.08.004,,https://pubmed.ncbi.nlm.nih.gov/30526930/,imported_metadata_not_independently_verified
S0075,Local treatment and oligoprogression,Associated Liver Partition and Portal Vein Ligation for Staged Hepatectomy (ALPPS) Registry: What Have We Learned?,2020,32036644,10.5009/gnl19233,,https://pubmed.ncbi.nlm.nih.gov/32036644/,imported_metadata_not_independently_verified
S0076,Local treatment and oligoprogression,Selection criteria related to long-term survival following liver transplantation for colorectal liver metastasis.,2020,31674105,10.1111/ajt.15682,,https://pubmed.ncbi.nlm.nih.gov/31674105/,imported_metadata_not_independently_verified
S0077,Local treatment and oligoprogression,Volume-outcome relationship of liver surgery: a nationwide analysis.,2020,32207856,10.1002/bjs.11586,,https://pubmed.ncbi.nlm.nih.gov/32207856/,imported_metadata_not_independently_verified
S0078,Local treatment and oligoprogression,"Cytoreductive surgery plus hyperthermic intraperitoneal chemotherapy versus cytoreductive surgery alone for colorectal peritoneal metastases (PRODIGE 7): a multicentre, randomised, open-label, phase 3 trial.",2021,33476595,10.1016/S1470-2045(20)30599-4,,https://pubmed.ncbi.nlm.nih.gov/33476595/,imported_metadata_not_independently_verified
S0079,Local treatment and oligoprogression,Impact of BRAF mutations on clinical outcomes following liver surgery for colorectal liver metastases: An updated meta-analysis.,2021,34099355,10.1016/j.ejso.2021.05.039,,https://pubmed.ncbi.nlm.nih.gov/34099355/,imported_metadata_not_independently_verified
S0080,Local treatment and oligoprogression,Liver transplantation for colorectal secondaries: on the way to validation.,2022,36354259,10.1097/MOT.0000000000000977,,https://pubmed.ncbi.nlm.nih.gov/36354259/,imported_metadata_not_independently_verified
S0081,Local treatment and oligoprogression,Metabolic tumor volume predicts long-term survival after transplantation for unresectable colorectal liver metastases: 15 years of experience from the SECA study.,2022,36241941,10.1007/s12149-022-01796-8,,https://pubmed.ncbi.nlm.nih.gov/36241941/,imported_metadata_not_independently_verified
S0082,Local treatment and oligoprogression,"Resectability, conversion, metastasectomy and outcome according to RAS and BRAF status for metastatic colorectal cancer in the prospective RAXO study.",2022,35610367,10.1038/s41416-022-01858-8,,https://pubmed.ncbi.nlm.nih.gov/35610367/,imported_metadata_not_independently_verified
S0083,Local treatment and oligoprogression,"A Multi-centre, Single Arm, Non-randomized, Prospective European Trial to Evaluate the Safety and Efficacy of the HistoSonics System in the Treatment of Primary and Metastatic Liver Cancers (#HOPE4LIVER).",2023,36380155,10.1007/s00270-022-03309-6,,https://pubmed.ncbi.nlm.nih.gov/36380155/,imported_metadata_not_independently_verified
S0084,Local treatment and oligoprogression,Colorectal cancer with synchronous unresectable liver metastases: resecting the primary tumor improves survival.,2023,37322315,10.1007/s00384-023-04469-8,,https://pubmed.ncbi.nlm.nih.gov/37322315/,imported_metadata_not_independently_verified
S0085,Local treatment and oligoprogression,Combined Hepatic Arterial Infusion Pump and Systemic Chemotherapy in the Modern Era for Chemotherapy-Naive Patients with Unresectable Colorectal Liver Metastases.,2023,37639032,10.1245/s10434-023-14073-3,,https://pubmed.ncbi.nlm.nih.gov/37639032/,imported_metadata_not_independently_verified
S0086,Local treatment and oligoprogression,Oligometastatic Disease (OMD): The Classification and Practical Review of Prospective Trials.,2023,37958408,10.3390/cancers15215234,,https://pubmed.ncbi.nlm.nih.gov/37958408/,imported_metadata_not_independently_verified
S0087,Local treatment and oligoprogression,Surgical Options for Peritoneal Surface Metastases from Digestive Malignancies-A Comprehensive Review.,2023,36837456,10.3390/medicina59020255,,https://pubmed.ncbi.nlm.nih.gov/36837456/,imported_metadata_not_independently_verified
S0088,Local treatment and oligoprogression,Unresectable Intermediate-Size (3-5 cm) Colorectal Liver Metastases: Stereotactic Ablative Body Radiotherapy Versus Microwave Ablation (COLLISION-XL): Protocol of a Phase II/III Multicentre Randomized Controlled Trial.,2023,37430016,10.1007/s00270-023-03498-8,,https://pubmed.ncbi.nlm.nih.gov/37430016/,imported_metadata_not_independently_verified
S0089,Local treatment and oligoprogression,BRAF mutations and survival with surgery for colorectal liver metastases: A systematic review and meta-analysis.,2024,38603866,10.1016/j.ejso.2024.108306,,https://pubmed.ncbi.nlm.nih.gov/38603866/,imported_metadata_not_independently_verified
S0090,Local treatment and oligoprogression,Cytoreductive Surgery With Hyperthermic Intraperitoneal Chemotherapy and Liver Resection is a Treatment Option for Patients With Peritoneal and Liver Metastases From Colorectal Cancer.,2024,39185557,10.1097/SLA.0000000000006492,,https://pubmed.ncbi.nlm.nih.gov/39185557/,imported_metadata_not_independently_verified
S0091,Local treatment and oligoprogression,"Liver transplantation plus chemotherapy versus chemotherapy alone in patients with permanently unresectable colorectal liver metastases (TransMet): results from a multicentre, open-label, prospective, randomised controlled trial.",2024,39306468,10.1016/S0140-6736(24)01595-2,,https://pubmed.ncbi.nlm.nih.gov/39306468/,imported_metadata_not_independently_verified
S0092,Local treatment and oligoprogression,Outcomes of Hepatic Artery-Based Therapies and Systemic Multiagent Chemotherapy in Unresectable Colorectal Liver Metastases: A Systematic Review and Meta-analysis.,2024,38502296,10.1245/s10434-024-15187-y,,https://pubmed.ncbi.nlm.nih.gov/38502296/,imported_metadata_not_independently_verified
S0093,Local treatment and oligoprogression,Primary tumor resection for asymptomatic colorectal cancer patients with synchronous unresectable metastases: a meta-analysis of randomized controlled trials and case-matched studies.,2024,39105876,10.1007/s00423-024-03414-9,,https://pubmed.ncbi.nlm.nih.gov/39105876/,imported_metadata_not_independently_verified
S0094,Local treatment and oligoprogression,Repeat cytoreductive surgery with HIPEC for colorectal peritoneal metastases: a systematic review.,2024,38627808,10.1186/s12957-024-03386-6,,https://pubmed.ncbi.nlm.nih.gov/38627808/,imported_metadata_not_independently_verified
S0095,Local treatment and oligoprogression,Safety and feasibility of chemotherapy followed by liver transplantation for patients with definitely unresectable colorectal liver metastases: insights from the TransMet randomised clinical trial.,2024,38721015,10.1016/j.eclinm.2024.102608,,https://pubmed.ncbi.nlm.nih.gov/38721015/,imported_metadata_not_independently_verified
S0096,Local treatment and oligoprogression,Systematic review of the efficacy of stereotactic ablative radiotherapy for oligoprogressive disease in metastatic cancer.,2024,38648995,10.1016/j.radonc.2024.110288,,https://pubmed.ncbi.nlm.nih.gov/38648995/,imported_metadata_not_independently_verified
S0097,Local treatment and oligoprogression,EORTC consensus recommendations on the optimal management of colorectal cancer liver metastases.,2025,40179590,10.1016/j.ctrv.2025.102926,,https://pubmed.ncbi.nlm.nih.gov/40179590/,imported_metadata_not_independently_verified
S0098,Local treatment and oligoprogression,Estimating the Survival Impact of Curative-Intent Liver Therapies for Colorectal Cancer Liver Metastases.,2025,40402423,10.1245/s10434-025-17486-4,,https://pubmed.ncbi.nlm.nih.gov/40402423/,imported_metadata_not_independently_verified
S0099,Local treatment and oligoprogression,"Histotripsy of Liver Tumors: Patient Selection, Ethical Discussions, and How We Do It.",2025,40227626,10.3390/cancers17071100,,https://pubmed.ncbi.nlm.nih.gov/40227626/,imported_metadata_not_independently_verified
S0100,Local treatment and oligoprogression,Liver transplantation for unresectable colorectal liver metastases: a narrative review.,2025,40897299,10.21037/cco-25-46,,https://pubmed.ncbi.nlm.nih.gov/40897299/,imported_metadata_not_independently_verified
S0101,Local treatment and oligoprogression,The Growing Potential of Thermal Ablation for Colorectal Liver Metastases.,2025,40616649,10.1002/jso.70021,,https://pubmed.ncbi.nlm.nih.gov/40616649/,imported_metadata_not_independently_verified
S0102,Local treatment and oligoprogression,The Landmark Series: Hepatic Arterial Infusion Pump Chemotherapy for Colorectal Liver Metastases and Intrahepatic Cholangiocarcinoma.,2025,40940601,10.1245/s10434-025-18222-8,,https://pubmed.ncbi.nlm.nih.gov/40940601/,imported_metadata_not_independently_verified
S0103,Local treatment and oligoprogression,"Thermal ablation versus surgical resection of small-size colorectal liver metastases (COLLISION): an international, randomised, controlled, phase 3 non-inferiority trial.",2025,39848272,10.1016/S1470-2045(24)00660-0,,https://pubmed.ncbi.nlm.nih.gov/39848272/,imported_metadata_not_independently_verified
S0104,Local treatment and oligoprogression,"Integrated Evaluation of Survival, Surgical Conversion, and Toxicity for Induction Therapy in Initially Unresectable Colorectal Liver Metastases: An Individual Patient Data Network Meta-analysis.",2026,42463606,10.1245/s10434-026-20188-0,,https://pubmed.ncbi.nlm.nih.gov/42463606/,imported_metadata_not_independently_verified
S0105,Local treatment and oligoprogression,Liver Transplantation for Nonresectable Colorectal Liver Metastases: Ten-year Follow-up and Assessment of Curative Rate in the SECA-II Study.,2026,42572136,10.1097/SLA.0000000000007200,,https://pubmed.ncbi.nlm.nih.gov/42572136/,imported_metadata_not_independently_verified
S0106,Local treatment and oligoprogression,"PICCOS: study protocol for pressurised intraperitoneal aerosolised chemotherapy (PIPAC) in the management of cancers of the colon, ovary and stomach: a randomised controlled, phase II trial of efficacy in peritoneal metastases.",2026,42416477,10.1515/pp-2025-0023,,https://pubmed.ncbi.nlm.nih.gov/42416477/,imported_metadata_not_independently_verified
S0107,Local treatment and oligoprogression,Recurrence of Colorectal Cancer With Peritoneal Metastases After Cytoreductive Surgery and HIPEC: A Retrospective Single-Center Cohort Study.,2026,42574584,10.1002/jso.70367,,https://pubmed.ncbi.nlm.nih.gov/42574584/,imported_metadata_not_independently_verified
S0108,Local treatment and oligoprogression,Treatment With Stereotactic Ablative Radiation Therapy for Patients With up to 5 Oligometastatic Cancer Lesions: Long-Term Outcomes of the Nonrandomized Population-based Phase 2 SABR-5 Clinical Trial.,2026,41580164,10.1016/j.ijrobp.2026.01.012,,https://pubmed.ncbi.nlm.nih.gov/41580164/,imported_metadata_not_independently_verified
S0109,ctDNA and monitoring,Circulating tumor DNA to guide rechallenge with panitumumab in metastatic colorectal cancer: the phase 2 CHRONOS trial.,2022,35915157,10.1038/s41591-022-01886-0,,https://pubmed.ncbi.nlm.nih.gov/35915157/,imported_metadata_not_independently_verified
S0110,ctDNA and monitoring,Using Circulating Tumor DNA in Colorectal Cancer: Current and Evolving Practices.,2022,35839443,10.1200/JCO.21.02615,,https://pubmed.ncbi.nlm.nih.gov/35839443/,imported_metadata_not_independently_verified
S0111,ctDNA and monitoring,Carcinoembryonic antigen kinetics predict response to first-line treatment in metastatic colorectal cancer: Analysis from PRODIGE 9 trial.,2023,36725401,10.1016/j.dld.2022.12.018,,https://pubmed.ncbi.nlm.nih.gov/36725401/,imported_metadata_not_independently_verified
S0112,ctDNA and monitoring,Early changes in circulating tumor DNA (ctDNA) predict treatment response in metastatic KRAS-mutated colorectal cancer (mCRC) patients.,2023,38027900,10.1016/j.heliyon.2023.e21853,,https://pubmed.ncbi.nlm.nih.gov/38027900/,imported_metadata_not_independently_verified
S0113,ctDNA and monitoring,Response prediction by mutation- or methylation-specific detection of ctDNA dynamics in pretreated metastatic colorectal cancer.,2023,37786537,10.1177/17588359231200462,,https://pubmed.ncbi.nlm.nih.gov/37786537/,imported_metadata_not_independently_verified
S0114,ctDNA and monitoring,"Exploring Early Kinetic Profiles of CEA, ctDNA and cfDNA in Patients With RAS-/BRAF-Mutated Metastatic Colorectal Cancer.",2025,39743478,10.1016/j.clcc.2024.11.004,,https://pubmed.ncbi.nlm.nih.gov/39743478/,imported_metadata_not_independently_verified
S0115,ctDNA and monitoring,"Noninvasive Therapeutic Monitoring of Circulating Tumor DNA in BRAF-Mutant Metastatic Colon Cancer Using Droplet Digital PCR, Next-Generation Sequencing, and Fragmentomics.",2025,41245504,10.1155/crom/8140524,,https://pubmed.ncbi.nlm.nih.gov/41245504/,imported_metadata_not_independently_verified
S0116,ctDNA and monitoring,Early kinetics of CA19-9 and CEA after 5-FU-based chemotherapy for gastrointestinal cancers.,2026,42455430,10.1007/s12672-026-05570-4,,https://pubmed.ncbi.nlm.nih.gov/42455430/,imported_metadata_not_independently_verified
S0117,ctDNA and monitoring,Liquid Biopsies for Cancer: A Translational Science Review.,2026,42574031,10.1001/jama.2026.13898,,https://pubmed.ncbi.nlm.nih.gov/42574031/,imported_metadata_not_independently_verified
S0118,Guidelines and reviews,New response evaluation criteria in solid tumours: revised RECIST guideline (version 1.1).,2009,19097774,10.1016/j.ejca.2008.10.026,,https://pubmed.ncbi.nlm.nih.gov/19097774/,imported_metadata_not_independently_verified
S0119,Guidelines and reviews,"Regorafenib monotherapy for previously treated metastatic colorectal cancer (CORRECT): an international, multicentre, randomised, placebo-controlled, phase 3 trial.",2013,23177514,10.1016/S0140-6736(12)61900-X,,https://pubmed.ncbi.nlm.nih.gov/23177514/,imported_metadata_not_independently_verified
S0120,Guidelines and reviews,"Fruquintinib versus placebo in patients with refractory metastatic colorectal cancer (FRESCO-2): an international, multicentre, randomised, double-blind, phase 3 study.",2023,37331369,10.1016/S0140-6736(23)00772-9,,https://pubmed.ncbi.nlm.nih.gov/37331369/,imported_metadata_not_independently_verified
S0121,Guidelines and reviews,Trifluridine-Tipiracil and Bevacizumab in Refractory Metastatic Colorectal Cancer.,2023,37133585,10.1056/NEJMoa2214963,,https://pubmed.ncbi.nlm.nih.gov/37133585/,imported_metadata_not_independently_verified
S0122,Guidelines and reviews,Recommendations for the use of next-generation sequencing (NGS) for patients with advanced cancer in 2024: a report from the ESMO Precision Medicine Working Group.,2024,38834388,10.1016/j.annonc.2024.04.005,,https://pubmed.ncbi.nlm.nih.gov/38834388/,imported_metadata_not_independently_verified
S0123,AI in oncology,Transformer-based biomarker prediction from colorectal cancer histology: A large-scale multicentric study.,2023,37652006,10.1016/j.ccell.2023.08.002,,https://pubmed.ncbi.nlm.nih.gov/37652006/,imported_metadata_not_independently_verified
S0124,AI in oncology,Ultrasensitive plasma-based monitoring of tumor burden using machine-learning-guided signal enrichment.,2024,38877116,10.1038/s41591-024-03040-4,,https://pubmed.ncbi.nlm.nih.gov/38877116/,imported_metadata_not_independently_verified
S0125,AI in oncology,Assessing genotype-phenotype correlations in colorectal cancer with deep learning: a multicentre cohort study.,2025,40829965,10.1016/j.landig.2025.100891,,https://pubmed.ncbi.nlm.nih.gov/40829965/,imported_metadata_not_independently_verified
S0126,AI in oncology,Generalizable AI predicts immunotherapy outcomes across cancers and treatments.,2026,42399673,10.1038/s41591-026-04502-7,,https://pubmed.ncbi.nlm.nih.gov/42399673/,imported_metadata_not_independently_verified
S0127,AI in oncology,Multi-omics analysis reveals features improving outcomes and immunotherapy resistance in MSS colorectal cancer.,2026,41852723,10.1016/j.isci.2026.114817,,https://pubmed.ncbi.nlm.nih.gov/41852723/,imported_metadata_not_independently_verified
S0128,AI in oncology,Target identification and assessment in the era of AI.,2026,42009769,10.1038/s41573-026-01412-8,,https://pubmed.ncbi.nlm.nih.gov/42009769/,imported_metadata_not_independently_verified
S0129,Adverse effects and quality of life,Prevention and Management of Chemotherapy-Induced Peripheral Neuropathy in Survivors of Adult Cancers: ASCO Guideline Update.,2020,32663120,10.1200/JCO.20.01399,,https://pubmed.ncbi.nlm.nih.gov/32663120/,imported_metadata_not_independently_verified
S0130,Adverse effects and quality of life,Management of adverse events from the treatment of encorafenib plus cetuximab for patients with BRAF V600E-mutant metastatic colorectal cancer: insights from the BEACON CRC study.,2021,34896698,10.1016/j.esmoop.2021.100328,,https://pubmed.ncbi.nlm.nih.gov/34896698/,imported_metadata_not_independently_verified
S0131,Adverse effects and quality of life,"Encorafenib, binimetinib, and cetuximab in BRAF V600E-mutated colorectal cancer: an early post-marketing phase vigilance study.",2023,36355316,10.1007/s10147-022-02264-z,,https://pubmed.ncbi.nlm.nih.gov/36355316/,imported_metadata_not_independently_verified
S0132,Adverse effects and quality of life,Nursing care and management of adverse events for patients with BRAF V600E -mutant metastatic colorectal cancer receiving encorafenib in combination with cetuximab: a review.,2023,36881161,10.1007/s00520-023-07579-9,,https://pubmed.ncbi.nlm.nih.gov/36881161/,imported_metadata_not_independently_verified
S0133,Adverse effects and quality of life,Longitudinal patient-reported outcomes and predictors of improvement in chemotherapy-induced peripheral neuropathy a secondary analysis of a randomized trial.,2026,42698559,10.3389/fphar.2026.1853626,,https://pubmed.ncbi.nlm.nih.gov/42698559/,imported_metadata_not_independently_verified
S0134,Adverse effects and quality of life,Patient and Clinician Views on Risk Prediction for Chemotherapy-Induced Peripheral Neuropathy.,2026,41105791,10.1080/15360288.2025.2571532,,https://pubmed.ncbi.nlm.nih.gov/41105791/,imported_metadata_not_independently_verified
S0135,Clinical trial registrations,Hepatic Arterial Infusion With Floxuridine and Dexamethasone Combined With Combination Chemotherapy in Treating Patients With Colorectal Cancer That Has Spread to the Liver,2026-06-03,,,NCT00492999,https://clinicaltrials.gov/study/NCT00492999,imported_metadata_not_independently_verified
S0136,Clinical trial registrations,Liver Transplantation and Colorectal Cancer,2024-02-07,,,NCT01479608,https://clinicaltrials.gov/study/NCT01479608,imported_metadata_not_independently_verified
S0137,Clinical trial registrations,"ICARuS Post-operative Intraperitoneal Chemotherapy (EPIC) and Hyperthermic Intraperitoneal Chemotherapy (HIPEC) After Optimal Cytoreductive Surgery (CRS) for Neoplasms of the Appendix, Colon or Rectum With Isolated Peritoneal Metastasis",2026-02-05,,,NCT01815359,https://clinicaltrials.gov/study/NCT01815359,imported_metadata_not_independently_verified
S0138,Clinical trial registrations,Partial Liver Segment 2/3 Transplantation Study,2024-02-06,,,NCT02215889,https://clinicaltrials.gov/study/NCT02215889,imported_metadata_not_independently_verified
S0139,Clinical trial registrations,"Targeted Therapy Directed by Genetic Testing in Treating Patients With Advanced Refractory Solid Tumors, Lymphomas, or Multiple Myeloma (The MATCH Screening Trial)",2026-08-28,,,NCT02465060,https://clinicaltrials.gov/study/NCT02465060,imported_metadata_not_independently_verified
S0140,Clinical trial registrations,A Study of Durvalumab (MEDI4736) and Monalizumab in Solid Tumors,2026-06-15,,,NCT02671435,https://clinicaltrials.gov/study/NCT02671435,imported_metadata_not_independently_verified
S0141,Clinical trial registrations,Perioperative Systemic Therapy for Isolated Resectable Colorectal Peritoneal Metastases,2026-03-24,,,NCT02758951,https://clinicaltrials.gov/study/NCT02758951,imported_metadata_not_independently_verified
S0142,Clinical trial registrations,Living Donor Liver Transplantation for Unresectable Colorectal Cancer Liver Metastases,2024-06-18,,,NCT02864485,https://clinicaltrials.gov/study/NCT02864485,imported_metadata_not_independently_verified
S0143,Clinical trial registrations,"Testing the Addition of Atezolizumab to Combination Chemotherapy or Atezolizumab Alone for Metastatic Colon or Rectal Cancer, the COMMIT Study",2026-09-08,,,NCT02997228,https://clinicaltrials.gov/study/NCT02997228,imported_metadata_not_independently_verified
S0144,Clinical trial registrations,Adjuvant Pressurized IntraPeritoneal Aerosol Chemotherapy (PIPAC) in Resected High Risk Colon Cancer Patients,2022-10-06,,,NCT03280511,https://clinicaltrials.gov/study/NCT03280511,imported_metadata_not_independently_verified
S0145,Clinical trial registrations,Second and Third Look Laparoscopy in pT4 Colon Cancer Patients for Early Detection of Peritoneal Metastases,2024-02-23,,,NCT03413254,https://clinicaltrials.gov/study/NCT03413254,imported_metadata_not_independently_verified
S0146,Clinical trial registrations,Ulixertinib/Palbociclib in Patients With Advanced Pancreatic and Other Solid Tumors,2026-08-19,,,NCT03454035,https://clinicaltrials.gov/study/NCT03454035,imported_metadata_not_independently_verified
S0147,Clinical trial registrations,"Living Donor Liver Transplantation With Two Stage Hepatectomy for Patients With Isolated, Irresectable Colorectal Liver Metastases",2024-07-31,,,NCT03488953,https://clinicaltrials.gov/study/NCT03488953,imported_metadata_not_independently_verified
S0148,Clinical trial registrations,Liver Transplantation Compared to Chemotherapy in Patients With ColoRectal Cancer,2024-02-06,,,NCT03494946,https://clinicaltrials.gov/study/NCT03494946,imported_metadata_not_independently_verified
S0149,Clinical trial registrations,"Ulixertinib in Treating Patients With Advanced Solid Tumors, Non-Hodgkin Lymphoma, or Histiocytic Disorders With MAPK Pathway Mutations (A Pediatric MATCH Treatment Trial)",2018-11-14,,,NCT03698994,https://clinicaltrials.gov/study/NCT03698994,imported_metadata_not_independently_verified
S0150,Clinical trial registrations,Identification and Treatment Of Micrometastatic Disease in Stage III Colon Cancer,2026-09-09,,,NCT03803553,https://clinicaltrials.gov/study/NCT03803553,imported_metadata_not_independently_verified
S0151,Clinical trial registrations,"Encorafenib, Cetuximab, and Nivolumab in Treating Patients With Microsatellite Stable, BRAFV600E Mutated Unresectable or Metastatic Colorectal Cancer",2026-06-11,,,NCT04017650,https://clinicaltrials.gov/study/NCT04017650,imported_metadata_not_independently_verified
S0152,Clinical trial registrations,"Regorafenib, With Cetuximab or Panitumumab, for the Treatment of Unresectable, Locally Advanced, or Metastatic Colorectal Cancer",2024-09-27,,,NCT04117945,https://clinicaltrials.gov/study/NCT04117945,imported_metadata_not_independently_verified
S0153,Clinical trial registrations,Plasma 5hmC Signatures as a Marker of Colorectal / Appendiceal Peritoneal Metastasis,2025-12-03,,,NCT04157322,https://clinicaltrials.gov/study/NCT04157322,imported_metadata_not_independently_verified
S0154,Clinical trial registrations,The Swedish Study of Liver Transplantation for Non-resectable Colorectal Cancer Metastases,2024-10-28,,,NCT04161092,https://clinicaltrials.gov/study/NCT04161092,imported_metadata_not_independently_verified
S0155,Clinical trial registrations,"PIPAC for the Treatment of Peritoneal Carcinomatosis in Patients With Ovarian, Uterine, Appendiceal, Colorectal, or Gastric Cancer",2026-08-26,,,NCT04329494,https://clinicaltrials.gov/study/NCT04329494,imported_metadata_not_independently_verified
S0156,Clinical trial registrations,Testing Trametinib and Dabrafenib as a Potential Targeted Treatment in Cancers With BRAF Genetic Changes (MATCH-Subprotocol H),2026-06-12,,,NCT04439292,https://clinicaltrials.gov/study/NCT04439292,imported_metadata_not_independently_verified
S0157,Clinical trial registrations,Chemoembolization (Lifepearls-Irinotecan) in Patients With Colorectal Cancer and Metastatic Disease,2025-09-29,,,NCT04595266,https://clinicaltrials.gov/study/NCT04595266,imported_metadata_not_independently_verified
S0158,Clinical trial registrations,"SX-682 and Nivolumab for the Treatment of RAS-Mutated, MSS Unresectable or Metastatic Colorectal Cancer, the STOPTRAFFIC-1 Trial",2026-07-20,,,NCT04599140,https://clinicaltrials.gov/study/NCT04599140,imported_metadata_not_independently_verified
S0159,Clinical trial registrations,A Study of Encorafenib Plus Cetuximab With or Without Chemotherapy in People With Previously Untreated Metastatic Colorectal Cancer,2026-06-11,,,NCT04607421,https://clinicaltrials.gov/study/NCT04607421,imported_metadata_not_independently_verified
S0160,Clinical trial registrations,LY3214996 and Cetuximab Alone or in Combination With Abemaciclib for the Treatment of Unresectable or Metastatic Colorectal Cancer,2026-06-12,,,NCT04616183,https://clinicaltrials.gov/study/NCT04616183,imported_metadata_not_independently_verified
S0161,Clinical trial registrations,Liver Transplantation in Patients With Unresectable Colorectal Liver Metastases,2023-09-22,,,NCT04616495,https://clinicaltrials.gov/study/NCT04616495,imported_metadata_not_independently_verified
S0162,Clinical trial registrations,BRAF Inhibitor Encorafenib And Cetuximab Real Life Investigation of Next Generation CRC Treatment,2022-09-29,,,NCT04673955,https://clinicaltrials.gov/study/NCT04673955,imported_metadata_not_independently_verified
S0163,Clinical trial registrations,Anatomical Resection of Liver MetAstases iN patIents With RAS-mutated Colorectal Cancer,2024-06-13,,,NCT04678583,https://clinicaltrials.gov/study/NCT04678583,imported_metadata_not_independently_verified
S0164,Clinical trial registrations,Infusion System for Hepatic Cancer,2025-12-15,,,NCT04684862,https://clinicaltrials.gov/study/NCT04684862,imported_metadata_not_independently_verified
S0165,Clinical trial registrations,Liver Transplantation for Unresectable Liver Limited Colorectal Metastases,2025-12-11,,,NCT04742621,https://clinicaltrials.gov/study/NCT04742621,imported_metadata_not_independently_verified
S0166,Clinical trial registrations,"Individual Response to Hyperthermic Intraperitoneal Chemotherapy (HIPEC) Treatment of Peritoneal Carcinomatosis From Peritoneal Mesothelioma or Atypical Mesothelial Proliferation or From Ovarian, Colorectal, or Appendiceal Histologies",2026-08-25,,,NCT04847063,https://clinicaltrials.gov/study/NCT04847063,imported_metadata_not_independently_verified
S0167,Clinical trial registrations,Efficacy of Hyperthermic Intraperitoneal Chemotherapy,2025-05-30,,,NCT04861558,https://clinicaltrials.gov/study/NCT04861558,imported_metadata_not_independently_verified
S0168,Clinical trial registrations,A Study of ERAS-007 as Monotherapy or in Combination With ERAS-601 in Patients With Advanced or Metastatic Solid Tumors,2026-06-22,,,NCT04866134,https://clinicaltrials.gov/study/NCT04866134,imported_metadata_not_independently_verified
S0169,Clinical trial registrations,"HAI-Floxuridine, or Liver-Tx, Combined With 2nd Line Chemotherapy Versus 2nd Line Chemotherapy Alone for Patients With Colorectal Liver Metastases and Heavy Tumour Burden.",2024-11-07,,,NCT04898504,https://clinicaltrials.gov/study/NCT04898504,imported_metadata_not_independently_verified
S0170,Clinical trial registrations,A Study to Evaluate KIN-2787 in Participants With BRAF and/or NRAS Mutation Positive Solid Tumors,2026-09-02,,,NCT04913285,https://clinicaltrials.gov/study/NCT04913285,imported_metadata_not_independently_verified
S0171,Clinical trial registrations,Liver Transplantation for Non-Resectable Colorectal Liver Metastasis,2022-01-11,,,NCT05185245,https://clinicaltrials.gov/study/NCT05185245,imported_metadata_not_independently_verified
S0172,Clinical trial registrations,LDLT in Non Resectable Colo-rectal Cancer Liver Metastasis,2025-09-25,,,NCT05186116,https://clinicaltrials.gov/study/NCT05186116,imported_metadata_not_independently_verified
S0173,Clinical trial registrations,A Study of Encorafenib Plus Cetuximab Taken Together With Pembrolizumab Compared to Pembrolizumab Alone in People With Previously Untreated Metastatic Colorectal Cancer,2026-07-31,,,NCT05217446,https://clinicaltrials.gov/study/NCT05217446,imported_metadata_not_independently_verified
S0174,Clinical trial registrations,Living Donor Liver Transplant for Unresectable Colorectal Liver Metastases,2026-07-20,,,NCT05248581,https://clinicaltrials.gov/study/NCT05248581,imported_metadata_not_independently_verified
S0175,Clinical trial registrations,Clinical Trial on HIPEC With Mitomycin C in Colon Cancer Peritoneal Metastases (GECOP-MMC),2024-10-09,,,NCT05250648,https://clinicaltrials.gov/study/NCT05250648,imported_metadata_not_independently_verified
S0176,Clinical trial registrations,Intraperitoneal Aerosolized Nanoliposomal Irinotecan (Nal-IRI) in Peritoneal Carcinomatosis From Gastrointestinal Cancer,2026-07-13,,,NCT05277766,https://clinicaltrials.gov/study/NCT05277766,imported_metadata_not_independently_verified
S0177,Clinical trial registrations,"PDS01ADC in Combination With Hepatic Artery Infusion Pump (HAIP) and Systemic Therapy for Subjects With Metastatic Colorectal Cancer, Intrahepatic Cholangiocarcinoma, or Metastatic Adrenocortical Carcinoma",2026-09-02,,,NCT05286814,https://clinicaltrials.gov/study/NCT05286814,imported_metadata_not_independently_verified
S0178,Clinical trial registrations,Testing the Addition of Nivolumab to Standard Treatment for Patients With Metastatic or Unresectable Colorectal Cancer That Have a BRAF Mutation,2026-07-08,,,NCT05308446,https://clinicaltrials.gov/study/NCT05308446,imported_metadata_not_independently_verified
S0179,Clinical trial registrations,A Study to Learn About the Study Medicine Called PF-07799933 in People With Advanced Solid Tumors With BRAF Alterations.,2026-09-01,,,NCT05355701,https://clinicaltrials.gov/study/NCT05355701,imported_metadata_not_independently_verified
S0180,Clinical trial registrations,Study of RMC-6236 in Patients With Advanced Solid Tumors Harboring Specific Mutations in RAS,2026-05-15,,,NCT05379985,https://clinicaltrials.gov/study/NCT05379985,imported_metadata_not_independently_verified
S0181,Clinical trial registrations,Liver Transplantation for Non-resectable Colorectal Liver Metastases: Translational Research,2026-05-22,,,NCT05398380,https://clinicaltrials.gov/study/NCT05398380,imported_metadata_not_independently_verified
S0182,Clinical trial registrations,TARGETed Therapy Drug MONITOring in DIGestive Oncology,2026-08-03,,,NCT05443087,https://clinicaltrials.gov/study/NCT05443087,imported_metadata_not_independently_verified
S0183,Clinical trial registrations,A Study to Assess the Efficacy and Safety of FORE8394 in Participants With Cancer Harboring BRAF Alterations,2026-07-27,,,NCT05503797,https://clinicaltrials.gov/study/NCT05503797,imported_metadata_not_independently_verified
S0184,Clinical trial registrations,A Study to Learn About the Study Medicine Called PF-07799544 as Monotherapy or in Combination in People With Advanced Solid Tumors,2026-09-01,,,NCT05538130,https://clinicaltrials.gov/study/NCT05538130,imported_metadata_not_independently_verified
S0185,Clinical trial registrations,Postoperative Exercise Training and Colorectal Cancer Liver Metastasis,2026-02-24,,,NCT05579340,https://clinicaltrials.gov/study/NCT05579340,imported_metadata_not_independently_verified
S0186,Clinical trial registrations,A Clinical-biological Prospective Cohort of Patients With BRAFV600E-mutated Metastatic Colorectal Cancer,2025-12-10,,,NCT05639413,https://clinicaltrials.gov/study/NCT05639413,imported_metadata_not_independently_verified
S0187,Clinical trial registrations,Encorafenib Plus Cetuximab in a Neoadjuvant Setting in Patients With BRAF Mutation Localised Colon or Upper Rectum Cancer,2025-09-02,,,NCT05706779,https://clinicaltrials.gov/study/NCT05706779,imported_metadata_not_independently_verified
S0188,Clinical trial registrations,Testing the Use of BRAF-Targeted Therapy After Surgery and Usual Chemotherapy for BRAF-Mutated Colon Cancer,2026-07-02,,,NCT05710406,https://clinicaltrials.gov/study/NCT05710406,imported_metadata_not_independently_verified
S0189,Clinical trial registrations,Study to Investigate Outcome of Individualized Treatment in Patients With Metastatic Colorectal Cancer,2023-02-21,,,NCT05725200,https://clinicaltrials.gov/study/NCT05725200,imported_metadata_not_independently_verified
S0190,Clinical trial registrations,FOLFOX Via HAI Plus Intravenous Irinotecan With or Without Bevacizumab Versus Systemic FOLFOXIRI With or Without Bevacizumab in Initially Unresectable RAS-mutated CRLM Patients,2025-05-30,,,NCT05727163,https://clinicaltrials.gov/study/NCT05727163,imported_metadata_not_independently_verified
S0191,Clinical trial registrations,"Liver Transplantation With Two-stage Liver Resection in Unresectable Liver Cancer , Metastases or Emd-stage Liver Disease (LTLR-LC)",2023-08-07,,,NCT05750329,https://clinicaltrials.gov/study/NCT05750329,imported_metadata_not_independently_verified
S0192,Clinical trial registrations,Comparing Chidamide+Sintilimab+Bev With Standard Second-line FOLFIRI+Bev in Advanced MSS/pMMR mCRC,2023-03-14,,,NCT05768503,https://clinicaltrials.gov/study/NCT05768503,imported_metadata_not_independently_verified
S0193,Clinical trial registrations,Phase 1/2 Trial of S241656 in Selected RAS/MAPK Mutation- Positive Malignancies,2026-06-17,,,NCT05786924,https://clinicaltrials.gov/study/NCT05786924,imported_metadata_not_independently_verified
S0194,Clinical trial registrations,Testing Pump Chemotherapy in Addition to Standard of Care Chemotherapy Versus Standard of Care Chemotherapy Alone for Patients With Unresectable Colorectal Liver Metastases: The PUMP Trial,2026-08-18,,,NCT05863195,https://clinicaltrials.gov/study/NCT05863195,imported_metadata_not_independently_verified
S0195,Clinical trial registrations,A Study to Assess Naporafenib (ERAS-254) Administered With Trametinib in Patients With RAS Q61X Mutations,2026-02-27,,,NCT05907304,https://clinicaltrials.gov/study/NCT05907304,imported_metadata_not_independently_verified
S0196,Clinical trial registrations,KN 046 Plus Regorafenib in MSS Metastatic Colorectal Cancer,2023-10-26,,,NCT05985109,https://clinicaltrials.gov/study/NCT05985109,imported_metadata_not_independently_verified
S0197,Clinical trial registrations,Open-label Phase 1b Study of Ulixertinib and Cetuximab or Ulixertinib in Combination With Cetuximab and Encorafenib in Patients With Unresectable or Metastatic Colorectal Cancer Who Have Previously Received EGFR or BRAF-directed Therapy,2026-03-12,,,NCT05985954,https://clinicaltrials.gov/study/NCT05985954,imported_metadata_not_independently_verified
S0198,Clinical trial registrations,Efficacy and Safety of Tunlametinib Plus Vemurafenib in Patients With BRAF V600E-mutant Metastatic Colorectal Cancer,2026-09-09,,,NCT06008119,https://clinicaltrials.gov/study/NCT06008119,imported_metadata_not_independently_verified
S0199,Clinical trial registrations,SALT for Unresectable Colorectal Liver Metastases,2023-10-06,,,NCT06069960,https://clinicaltrials.gov/study/NCT06069960,imported_metadata_not_independently_verified
S0200,Clinical trial registrations,"Testing the Addition of Anti-cancer Drug, ZEN003694, to the Usual Chemotherapy Treatment, Cetuximab Plus Encorafenib, for Colorectal Cancer",2024-06-05,,,NCT06102902,https://clinicaltrials.gov/study/NCT06102902,imported_metadata_not_independently_verified
S0201,Clinical trial registrations,Study of Elironrasib and Daraxonrasib as Monotherapies and Combination Therapy in Participants With Advanced KRAS G12C Mutant Solid Tumors,2026-08-03,,,NCT06128551,https://clinicaltrials.gov/study/NCT06128551,imported_metadata_not_independently_verified
S0202,Clinical trial registrations,"Defactinib and Avutometinib, With or Without Encorafenib, for the Treatment of Patients With Brain Metastases From Cutaneous Melanoma",2025-12-03,,,NCT06194929,https://clinicaltrials.gov/study/NCT06194929,imported_metadata_not_independently_verified
S0203,Clinical trial registrations,Study to Evaluate the Efficacy and Safety of Cetuximab in Combination with Encorafenib Plus Binimetinib As Induction Treatment in BRAF V600E Mutated MSS Initially Resectable or Potentially Resectable Advanced Colorectal Cancer,2024-10-21,,,NCT06207656,https://clinicaltrials.gov/study/NCT06207656,imported_metadata_not_independently_verified
S0204,Clinical trial registrations,A Clinical Study of BioTTT001 in Combination With Toripalimab and Regorafenib in Patients With Colorectal Cancer,2026-01-07,,,NCT06283134,https://clinicaltrials.gov/study/NCT06283134,imported_metadata_not_independently_verified
S0205,Clinical trial registrations,A Study to Assess IPN01194 When Administered Alone in Adults With Advanced Solid Tumours,2026-09-01,,,NCT06305247,https://clinicaltrials.gov/study/NCT06305247,imported_metadata_not_independently_verified
S0206,Clinical trial registrations,A Study to Investigate the Safety and Efficacy of NST-628 Oral Tablets in Subjects With Solid Tumors,2026-04-20,,,NCT06326411,https://clinicaltrials.gov/study/NCT06326411,imported_metadata_not_independently_verified
S0207,Clinical trial registrations,"Open-label Phase 2 Study of Avutometinib (RAF/MEK Clamp) in Combination With Defactinib (FAK Inhibitor) and Cetuximab in Patients With Unresectable, Anti-EGFR-Refractory Advanced Colorectal Cancer",2026-09-04,,,NCT06369259,https://clinicaltrials.gov/study/NCT06369259,imported_metadata_not_independently_verified
S0208,Clinical trial registrations,Testing BVD-523FB (Ulixertinib) as Potentially Targeted Treatment in Cancers With Genetic Changes (MATCH - Subprotocol Z1L),2026-05-13,,,NCT06400225,https://clinicaltrials.gov/study/NCT06400225,imported_metadata_not_independently_verified
S0209,Clinical trial registrations,Combination Therapy for BRAF-V600E Metastatic CRCm,2024-11-08,,,NCT06411600,https://clinicaltrials.gov/study/NCT06411600,imported_metadata_not_independently_verified
S0210,Clinical trial registrations,Fruquintinib With or Without HAI-FOLFOX for Refractory Colorectal Cancer,2025-07-30,,,NCT06441565,https://clinicaltrials.gov/study/NCT06441565,imported_metadata_not_independently_verified
S0211,Clinical trial registrations,Study of RAS(ON) Inhibitors in Patients With Gastrointestinal Solid Tumors,2026-07-29,,,NCT06445062,https://clinicaltrials.gov/study/NCT06445062,imported_metadata_not_independently_verified
S0212,Clinical trial registrations,Local Liver Treatment for Multi-organ Colorectal Cancer Metastases,2024-06-10,,,NCT06449937,https://clinicaltrials.gov/study/NCT06449937,imported_metadata_not_independently_verified
S0213,Clinical trial registrations,A Study of Tucidinostat in Combination With Sintilimab and Bevacizumab in MSS/pMMR Colorectal Cancer Patients,2026-03-19,,,NCT06497985,https://clinicaltrials.gov/study/NCT06497985,imported_metadata_not_independently_verified
S0214,Clinical trial registrations,Treatment of Cancer With Immune Checkpoint Inhibition Therapy Boosted by High Intensity Focused Ultrasound Histotripsy,2026-02-18,,,NCT06524570,https://clinicaltrials.gov/study/NCT06524570,imported_metadata_not_independently_verified
S0215,Clinical trial registrations,Standard Systemic Therapy Combined With High/Low-dose Radiotherapy Plus Toripalimab for Metastatic Colorectal Cancer,2024-07-29,,,NCT06525428,https://clinicaltrials.gov/study/NCT06525428,imported_metadata_not_independently_verified
S0216,Clinical trial registrations,Phase II Study of ctDNA-guided Encorafenib Plus Cetuximab Retreatment in Patients BRAF V600E Mutated mCRC,2026-09-09,,,NCT06578559,https://clinicaltrials.gov/study/NCT06578559,imported_metadata_not_independently_verified
S0217,Clinical trial registrations,"Irinotecan Hydrochloride Liposome Injection (Ⅱ) Combined with Fluorouracil, Folinic Acid, Vermofenib and Cetuximab in First-line Treatment of BRAFV600E Mutated Advanced Colorectal Cancer",2024-09-19,,,NCT06603376,https://clinicaltrials.gov/study/NCT06603376,imported_metadata_not_independently_verified
S0218,Clinical trial registrations,Evaluation of the Safety and Efficacy of Treatment w/High Dose Melphalan Given Directly Into the Liver Followed by Treatment w/Approved Cancer Treatment or Approved Cancer Treatment Alone in Patients w/ Metastatic Colorectal Cancer w/Liver Dominant Disease,2026-06-01,,,NCT06607458,https://clinicaltrials.gov/study/NCT06607458,imported_metadata_not_independently_verified
S0219,Clinical trial registrations,Encorafenib + Cetuximab Beyond Progression in Combination With FOLFIRI in Patients With BRAF V600E Mutated Metastatic Colorectal Cancer Progressing on Encorafenib + Cetuximab.,2025-02-12,,,NCT06640166,https://clinicaltrials.gov/study/NCT06640166,imported_metadata_not_independently_verified
S0220,Clinical trial registrations,Systemic Antitumor Treatment with or Without Pressurized Intraperitoneal Aerosol Chemotherapy for Colon Peritoneal Metastases (PIPOX02),2024-11-08,,,NCT06681038,https://clinicaltrials.gov/study/NCT06681038,imported_metadata_not_independently_verified
S0221,Clinical trial registrations,Colorectal Metastasis to Liver Extraction With Auxiliary Transplant and Delayed Resection,2026-07-10,,,NCT06698146,https://clinicaltrials.gov/study/NCT06698146,imported_metadata_not_independently_verified
S0222,Clinical trial registrations,FOLFOXIRI Plus Bevacizumab With or Without Atezolizumab as 1st Line Treatment of pMMR and IS IC-High Metastatic Colorectal Cancer Patients.,2025-12-08,,,NCT06733038,https://clinicaltrials.gov/study/NCT06733038,imported_metadata_not_independently_verified
S0223,Clinical trial registrations,Irinotecan Liposomes Combined with Cetuximab + Vermofenib in First-line Failure of Advanced Colorectal Cancer,2025-02-27,,,NCT06763029,https://clinicaltrials.gov/study/NCT06763029,imported_metadata_not_independently_verified
S0224,Clinical trial registrations,Personalized Ultrafractionated Stereotactic Adaptive Radiotherapy (PULSAR ) Combined With Anti-PD1，Chemotherapy and Target Therapy for Metastatic Colorectal Cancer,2025-02-24,,,NCT06841159,https://clinicaltrials.gov/study/NCT06841159,imported_metadata_not_independently_verified
S0225,Clinical trial registrations,- IKF/AIO-QUINTIS - Evaluating Fruquintinib in Combination With Tislelizumab in Microsatellite Stable / Proficient Mismatch Repair (MSS/pMMR) Metastatic Colorectal Cancer Without Active Liver Metastases,2025-12-12,,,NCT06856837,https://clinicaltrials.gov/study/NCT06856837,imported_metadata_not_independently_verified
S0226,Clinical trial registrations,Induction Treatment for Initially Unresectable Colorectal Liver Metastases: Combined Hepatic Arterial Infusion Pump Therapy With Systemic Therapy,2025-03-04,,,NCT06857773,https://clinicaltrials.gov/study/NCT06857773,imported_metadata_not_independently_verified
S0227,Clinical trial registrations,"Predictive Value of PREMM5, MMRpredict, and Universal Tumor Screening for Lynch Syndrome in Vietnam",2025-03-07,,,NCT06863038,https://clinicaltrials.gov/study/NCT06863038,imported_metadata_not_independently_verified
S0228,Clinical trial registrations,"Radiotherapy Plus Iparomlimab and Tuvonralimab (QL1706), Regorafenib, and CAPOX as Neoadjuvant Therapy for pMMR/MSS LARC.",2026-04-28,,,NCT06911684,https://clinicaltrials.gov/study/NCT06911684,imported_metadata_not_independently_verified
S0229,Clinical trial registrations,"First-in-human Trial of STC-1010, an Immunotherapy, in Patients With Unresectable Locally Advanced or Metastatic Colorectal Cancer",2025-12-22,,,NCT06934538,https://clinicaltrials.gov/study/NCT06934538,imported_metadata_not_independently_verified
S0230,Clinical trial registrations,A Study of Irinotecan With Dabrafenib Plus Trametinib and Anti-EGFR in the Second Line of Therapy in People With Metastatic Colorectal Cancer,2025-10-02,,,NCT06967155,https://clinicaltrials.gov/study/NCT06967155,imported_metadata_not_independently_verified
S0231,Clinical trial registrations,A Study of Dabrafenib Plus Cetuximab/Panitumumab With FOLFOX in the First Line of Therapy in People With Metastatic Colorectal Cancer,2025-05-18,,,NCT06978400,https://clinicaltrials.gov/study/NCT06978400,imported_metadata_not_independently_verified
S0232,Clinical trial registrations,ctDNA Monitoring in Patients With HCC and mCRC,2025-06-03,,,NCT07001085,https://clinicaltrials.gov/study/NCT07001085,imported_metadata_not_independently_verified
S0233,Clinical trial registrations,A Multi-omics Study of BRAF V600E Mutant Colorectal Cancer,2025-06-06,,,NCT07007689,https://clinicaltrials.gov/study/NCT07007689,imported_metadata_not_independently_verified
S0234,Clinical trial registrations,AK112 Plus FOLFIRI Versus Bevacizumab Plus FOLFIRI as Second-line Treatment of MSS/pMMR Metastatic Colorectal Cancer,2025-06-15,,,NCT07021950,https://clinicaltrials.gov/study/NCT07021950,imported_metadata_not_independently_verified
S0235,Clinical trial registrations,Efficacy and Safety of DEB-TACE Combined With HAIC Versus HAIC Alone in Patients With Unresectable CRLM,2025-06-22,,,NCT07031570,https://clinicaltrials.gov/study/NCT07031570,imported_metadata_not_independently_verified
S0236,Clinical trial registrations,"A Clinical Study to Test if an Investigational Treatment Called BNT314 When Used in Combination With Another Investigational Treatment Pumitamig (BNT327) and Chemotherapy, is Beneficial and Safe for Patients With Advanced Colorectal Cancer",2026-07-01,,,NCT07079631,https://clinicaltrials.gov/study/NCT07079631,imported_metadata_not_independently_verified
S0237,Clinical trial registrations,Standard Second-line Therapy With ONgericimab and TOripalimab in pMMR/MSS Colorectal Cancer: a Single-arm Phase II Trial,2026-07-07,,,NCT07106034,https://clinicaltrials.gov/study/NCT07106034,imported_metadata_not_independently_verified
S0238,Clinical trial registrations,"Botensilimab, Balstilimab, and SBRT in Colorectal Cancer",2026-05-13,,,NCT07128355,https://clinicaltrials.gov/study/NCT07128355,imported_metadata_not_independently_verified
S0239,Clinical trial registrations,PM8002 (BNT327) in Combination With Chemotherapy in Patients With Metastatic Colorectal Cancer,2026-07-23,,,NCT07133750,https://clinicaltrials.gov/study/NCT07133750,imported_metadata_not_independently_verified
S0240,Clinical trial registrations,Safety and Efficacy of IB-FOLFIRI in BRAF V600E-Mutant Metastatic Colorectal Cancer,2025-09-26,,,NCT07150247,https://clinicaltrials.gov/study/NCT07150247,imported_metadata_not_independently_verified
S0241,Clinical trial registrations,A Study to Characterize Encorafenib Plus Cetuximab as Rechallenge Treatment for BRAF V600E-mutant Metastatic Colorectal Cancer Patients After Previous Therapy With BRAF Inhibitors-based Combinations,2025-09-17,,,NCT07178717,https://clinicaltrials.gov/study/NCT07178717,imported_metadata_not_independently_verified
S0242,Clinical trial registrations,Study of Safety/Feasibility of a Hybrid Model of Tertiary and Community Delivery of Hepatic Artery Infusion Chemotherapy,2026-02-04,,,NCT07201519,https://clinicaltrials.gov/study/NCT07201519,imported_metadata_not_independently_verified
S0243,Clinical trial registrations,"A Study to Evaluate the Safety and Efficacy of Pumitamig in Combination With Chemotherapy Versus Bevacizumab in Combination With Chemotherapy in Participants With Previously Untreated, Unresectable, or Metastatic Colorectal Cancer",2026-08-17,,,NCT07221357,https://clinicaltrials.gov/study/NCT07221357,imported_metadata_not_independently_verified
S0244,Clinical trial registrations,Symbiotic-GI-03: A Study to Learn About the Study Medicine Called PF-08634404 in Combination With Chemotherapy in Adult Participants With Metastatic Colorectal Cancer,2026-08-17,,,NCT07222800,https://clinicaltrials.gov/study/NCT07222800,imported_metadata_not_independently_verified
S0245,Clinical trial registrations,Exosome-derived Extrahepatic Metastasis Detection By Liquid Biopsy In Colorectal Cancer Liver Metastases,2026-07-07,,,NCT07224724,https://clinicaltrials.gov/study/NCT07224724,imported_metadata_not_independently_verified
S0246,Clinical trial registrations,A Study of Botensilimab and Balstilimab for Colorectal Cancer With ctDNA+ After Surgery and Chemotherapy,2026-02-06,,,NCT07227636,https://clinicaltrials.gov/study/NCT07227636,imported_metadata_not_independently_verified
S0247,Clinical trial registrations,Phase III Study of Ivonescimab or Bevacizumab Combined With FOLFOX in Patients With Metastatic Colorectal Cancer,2026-09-08,,,NCT07228832,https://clinicaltrials.gov/study/NCT07228832,imported_metadata_not_independently_verified
S0248,Clinical trial registrations,"A Single-arm, Single-center, Phase II Clinical Study of Aipalolitovorelizumab (QL1706) Combined With Bevacizumab and Standard Chemotherapy as First-line Treatment for MSS/pMMR Metastatic Colorectal Cancer With BRAF V600E Mutation",2026-01-08,,,NCT07229846,https://clinicaltrials.gov/study/NCT07229846,imported_metadata_not_independently_verified
S0249,Clinical trial registrations,A Study of ABT-301 Plus Tislelizumab With Bevacizumab in pMMR/Non-MSI-H Locally Advanced or mCRC,2025-11-24,,,NCT07244705,https://clinicaltrials.gov/study/NCT07244705,imported_metadata_not_independently_verified
S0250,Clinical trial registrations,"Pressurized Intraperitoneal Aerosolized Chemotherapy With Mitomycin for the Treatment of Unresectable Appendix or Colorectal Cancer With Peritoneal Metastases, The IMPACT Trial",2026-08-21,,,NCT07271355,https://clinicaltrials.gov/study/NCT07271355,imported_metadata_not_independently_verified
S0251,Clinical trial registrations,Liver-directed Chemotherapy After Surgery of Liver Metastases of Colorectal Cancer in Patients With High Risk of Recurrence of Their Disease,2026-05-26,,,NCT07284394,https://clinicaltrials.gov/study/NCT07284394,imported_metadata_not_independently_verified
S0252,Clinical trial registrations,A Study to Evaluate the Efficacy and Safety of Standard-of-Care Chemotherapy and Bevacizumab With or Without INCA33890 in the First-Line Treatment of Metastatic Microsatellite Stable Colorectal Cancer,2026-08-06,,,NCT07284849,https://clinicaltrials.gov/study/NCT07284849,imported_metadata_not_independently_verified
S0253,Clinical trial registrations,A Feasibility Study of Mass-Based Response Drug Screening to Guide Personalized Hyperthermic Intraperitoneal Chemotherapy for High-Grade Appendiceal and Colorectal Adenocarcinoma With Peritoneal Metastasis,2026-07-21,,,NCT07291180,https://clinicaltrials.gov/study/NCT07291180,imported_metadata_not_independently_verified
S0254,Clinical trial registrations,Chewing Gum Flavors to Reduce Postoperative Nausea and Vomiting After PIPAC,2026-01-02,,,NCT07315412,https://clinicaltrials.gov/study/NCT07315412,imported_metadata_not_independently_verified
S0255,Clinical trial registrations,ASCEND-CRC: Profiling and Targeting Dynamic Tumor Resistance in Patients With Metastatic Colorectal Cancer,2026-06-11,,,NCT07318389,https://clinicaltrials.gov/study/NCT07318389,imported_metadata_not_independently_verified
S0256,Clinical trial registrations,"A Prospective, Safety, and Efficacy Clinical Trial of Pressurized Intraperitoneal Aerosol Therapy for Peritoneal Metastasis of Colorectal Cancer",2026-01-16,,,NCT07349043,https://clinicaltrials.gov/study/NCT07349043,imported_metadata_not_independently_verified
S0257,Clinical trial registrations,Study of RMC-5127 in Patients With Advanced KRAS G12V-Mutant Solid Tumors,2026-07-10,,,NCT07349537,https://clinicaltrials.gov/study/NCT07349537,imported_metadata_not_independently_verified
S0258,Clinical trial registrations,"Phase Ib/II Study of QL1706 + Fruquintinib + SCRT vs. Standard Third-Line Therapy in Unresectable Liver-Metastatic pMMR/MSS Colorectal Cancer: Safety, Tolerability, and Efficacy.",2026-01-20,,,NCT07353268,https://clinicaltrials.gov/study/NCT07353268,imported_metadata_not_independently_verified
S0259,Clinical trial registrations,Study of RAS(ON) Inhibitors in Combination With Ivonescimab in Patients With Solid Tumors,2026-08-03,,,NCT07397338,https://clinicaltrials.gov/study/NCT07397338,imported_metadata_not_independently_verified
S0260,Clinical trial registrations,Lubiprostone Combined With Maintenance Therapy for Prevention of Postoperative Recurrence in Peritoneal Metastatic Colorectal Cancer,2026-02-12,,,NCT07405736,https://clinicaltrials.gov/study/NCT07405736,imported_metadata_not_independently_verified
S0261,Clinical trial registrations,"Ventral Hernias Following Cytoreductive Surgery : Incidence, Risk Factors and Surgical Management.",2026-03-05,,,NCT07451483,https://clinicaltrials.gov/study/NCT07451483,imported_metadata_not_independently_verified
S0262,Clinical trial registrations,Integrating Peritoneal Histological Growth Patterns Into Preoperative Decision-Making for Colorectal Peritoneal Metastses,2026-03-16,,,NCT07474025,https://clinicaltrials.gov/study/NCT07474025,imported_metadata_not_independently_verified
S0263,Clinical trial registrations,A Study of BMS-986504 Monotherapy and in Combination With Other Agents in Participants With Advanced and/or Metastatic Solid Tumors With Homozygous MTAP Deletion (MountainTAP-5),2026-08-25,,,NCT07492680,https://clinicaltrials.gov/study/NCT07492680,imported_metadata_not_independently_verified
S0264,Clinical trial registrations,"A Phase II Study of Sintilimab Combined With Ipilimumab N01, Cetuximab and Dabrafenib in Patients With Microsatellite-Stable, BRAF V600E-Mutated Metastatic Colorectal Cancer",2026-04-07,,,NCT07506109,https://clinicaltrials.gov/study/NCT07506109,imported_metadata_not_independently_verified
S0265,Clinical trial registrations,A Phase I Multicentre Randomized Double-Blind Parallel-Controlled Study of HLX05-N vs. ERBITUX® in Metastatic Colorectal Cancer,2026-04-24,,,NCT07543471,https://clinicaltrials.gov/study/NCT07543471,imported_metadata_not_independently_verified
S0266,Clinical trial registrations,AK104 Plus Radiotherapy Combined With Standard Therapy Versus Standard Therapy as First-Line Treatment for pMMR/MSS CRLM (APSOC),2026-04-22,,,NCT07544784,https://clinicaltrials.gov/study/NCT07544784,imported_metadata_not_independently_verified
S0267,Clinical trial registrations,A Study of Precemtabart Tocentecan With or Without Bevacizumab Compared to Trifluridine/Tipiracil Plus Bevacizumab in Participants With Previously Treated Metastatic Colorectal Cancer (PROCEADE-CRC-03),2026-05-06,,,NCT07549412,https://clinicaltrials.gov/study/NCT07549412,imported_metadata_not_independently_verified
S0268,Clinical trial registrations,BAL/BOT/agenT-797 in pMMR CRC With Liver Metastases,2026-08-10,,,NCT07550088,https://clinicaltrials.gov/study/NCT07550088,imported_metadata_not_independently_verified
S0269,Clinical trial registrations,"Testing the Combination of Anti-Cancer Drugs, Botensilimab (AGEN1181) and Balstilimab (AGEN2034), After Standard Treatment for Colorectal Cancer, Combat Trial",2026-05-15,,,NCT07551596,https://clinicaltrials.gov/study/NCT07551596,imported_metadata_not_independently_verified
S0270,Clinical trial registrations,Hepatic Arterial Infusion of Liposomal Irinotecan Plus Oxaliplatin and Capecitabine as Adjuvant Therapy for Colorectal Cancer Liver Metastases,2026-05-06,,,NCT07570914,https://clinicaltrials.gov/study/NCT07570914,imported_metadata_not_independently_verified
S0271,Clinical trial registrations,A Phase II Randomized Trial of Serplulimab With Second-Line Chemo/Targeted Therapy for Early Relapse Colorectal Cancer After Adjuvant Chemotherapy,2026-05-22,,,NCT07604909,https://clinicaltrials.gov/study/NCT07604909,imported_metadata_not_independently_verified
S0272,Clinical trial registrations,TRANsplantation vs reSECTion After Conversion Therapy for Initially Unresectable Colorectal Liver Metastases,2026-07-17,,,NCT07607873,https://clinicaltrials.gov/study/NCT07607873,imported_metadata_not_independently_verified
S0273,Clinical trial registrations,Primary and Acquired Resistance to Targeted Treatment in BRAF V600E-mutated Metastatic Colorectal Cancer,2026-07-16,,,NCT07617610,https://clinicaltrials.gov/study/NCT07617610,imported_metadata_not_independently_verified
S0274,Clinical trial registrations,Belvarafenib for CNS Efficacy in Patients With BRAF-Altered Solid Tumors,2026-07-08,,,NCT07688356,https://clinicaltrials.gov/study/NCT07688356,imported_metadata_not_independently_verified
S0275,Clinical trial registrations,Efficacy and Safety of Tunlametinib Combination Therapy in the Treatment of Second-line and Above Metastatic Colorectal Cancer,2026-07-21,,,NCT07714447,https://clinicaltrials.gov/study/NCT07714447,imported_metadata_not_independently_verified
S0276,Clinical trial registrations,Hepatic Artery Infusion of Carfilzomib in Participants With Liver Metastatic Disease Previously Treated With Hepatic Artery Infusion Pump Therapy,2026-09-09,,,NCT07715903,https://clinicaltrials.gov/study/NCT07715903,imported_metadata_not_independently_verified
S0277,Clinical trial registrations,IBI363 Combined With Bevacizumab for Advanced Colorectal Cancer,2026-07-31,,,NCT07722494,https://clinicaltrials.gov/study/NCT07722494,imported_metadata_not_independently_verified
S0278,Clinical trial registrations,FOLFIRI Plus Bevacizuamb and QL1706 in Second-Line Treatment for mCRC,2026-07-27,,,NCT07729605,https://clinicaltrials.gov/study/NCT07729605,imported_metadata_not_independently_verified
S0279,Clinical trial registrations,Zanzalintinib Alone or in Combination With Pembrolizumab and Berahyaluronidase Alfa in Participants With Colorectal Cancer With Molecular Residual Disease,2026-08-25,,,NCT07750158,https://clinicaltrials.gov/study/NCT07750158,imported_metadata_not_independently_verified
S0280,Clinical trial registrations,Hepatic Arterial Infusion Chemotherapy in Patients With Inoperable Colorectal Cancer Liver Metastasis,2026-08-14,,,NCT07764497,https://clinicaltrials.gov/study/NCT07764497,imported_metadata_not_independently_verified
S0281,Clinical trial registrations,"A Single-Arm, Phase II, Multicenter Clinical Study of Neoadjuvant Encorafenib Plus Cetuximab N01 and mFOLFOX6 in Patients With Locally Advanced BRAF V600E-Mutant Colorectal Cancer With or Without Resectable Metastases",2026-08-27,,,NCT07789210,https://clinicaltrials.gov/study/NCT07789210,imported_metadata_not_independently_verified
S0282,Clinical trial registrations,Ivosidenib Plus mFOLFOXIRI and Celecoxib for BRAF-targeted Therapy-refractory BRAF V600E-mutant Colorectal Cancer Patients,2026-09-09,,,NCT07809893,https://clinicaltrials.gov/study/NCT07809893,imported_metadata_not_independently_verified
S0283,Clinical trial registrations,Liver Transplantation for Non-Resectable Colorectal Liver Metastases Without Local Treatment Options,2026-09-10,,,NCT07811453,https://clinicaltrials.gov/study/NCT07811453,imported_metadata_not_independently_verified
S0284,Knowledge bases and guidelines,CIViC: bewijs voor BRAF V600E bij colorectaal carcinoom,2026-09-09,,,,http://www.ncbi.nlm.nih.gov/pubmed/31566309,imported_metadata_not_independently_verified
S0285,Knowledge bases and guidelines,NTVO: de behandeling van BRAF-gemuteerd gemetastaseerd colorectaal carcinoom in de praktijk,2021-12-01,,,,https://www.ntvo.nl/journal-article/de-behandeling-van-braf-gemuteerd-gemetastaseerd-colorectaal-carcinoom-in-de-praktijk/,imported_metadata_not_independently_verified
S0286,Knowledge bases and guidelines,"NVMO KNT-lijst colorectaal carcinoom (versie 4, 1 april 2026)",2026-04-01,,,,https://www.nvmo.org/wp-content/uploads/2026/04/KNT_lijst_-CRC_v4_2026-04-01.pdf,imported_metadata_not_independently_verified
S0287,Knowledge bases and guidelines,Nederlandse richtlijn colorectaal carcinoom: systemische therapie bij niet lokaal behandelbare metastasen,2021-12-01,,,,https://richtlijnendatabase.nl/richtlijn/colorectaal_carcinoom_crc/gemetastaseerd_colorectaalcarcinoom_crc/systemische_therapie_bij_niet_lokaal_behandelbare_metastasen_bij_crc.html,imported_metadata_not_independently_verified
S0288,Knowledge bases and guidelines,OncoKB: niet opgehaald,2026-09-09,,,,https://www.oncokb.org/gene/BRAF/V600E/Colorectal%20Cancer,imported_metadata_not_independently_verified
S0289,Conference abstracts and other sources,"Abstract 4609: Plixorafenib (plixo) synergizes with MEK inhibitors (MEKi) in MAPK pathway inhibition in BRAF V600 and non V600 alterations, with higher potency compared to early generation BRAFi and pan-RAFi",2024,,10.1158/1538-7445.am2024-4609,,https://doi.org/10.1158/1538-7445.am2024-4609,imported_metadata_not_independently_verified
S0290,Conference abstracts and other sources,"BAYONET trial: staged combination with encorafenib, binimetinib, plus cetuximab following encorafenib plus cetuximab for BRAF V600E-mutant metastatic colorectal cancer",2024,,10.1016/j.esmogo.2024.100066,,https://doi.org/10.1016/j.esmogo.2024.100066,imported_metadata_not_independently_verified
S0291,Conference abstracts and other sources,Botensilimab plus balstilimab in microsatellite stable metastatic colorectal cancer: Assessing efficacy in non-liver metastatic sites.,2024,,10.1200/jco.2024.42.16_suppl.3556,,https://doi.org/10.1200/jco.2024.42.16_suppl.3556,imported_metadata_not_independently_verified
S0292,Conference abstracts and other sources,CDK4/6 inhibition to resensitize BRAF/EGFR inhibitor in patient-derived BRAF/PTEN-mutant colon cancer cells,2024,,10.21037/tcr-24-20,,https://doi.org/10.21037/tcr-24-20,imported_metadata_not_independently_verified
S0293,Conference abstracts and other sources,Chemotherapy and liver transplantation versus chemotherapy alone in patients with definitively unresectable colorectal liver metastases: A prospective multicentric randomized trial (TRANSMET).,2024,,10.1200/jco.2024.42.16_suppl.3500,,https://doi.org/10.1200/jco.2024.42.16_suppl.3500,imported_metadata_not_independently_verified
S0294,Conference abstracts and other sources,"Efficacy and safety of LY3537982, a potent and highly selective KRAS G12C inhibitor in KRAS G12C-mutant GI cancers: Results from a phase 1 study.",2024,,10.1200/jco.2024.42.3_suppl.94,,https://doi.org/10.1200/jco.2024.42.3_suppl.94,imported_metadata_not_independently_verified
S0295,Conference abstracts and other sources,Efficacy and safety of the combination of encorafenib/cetuximab with or without binimetinib in patients with BRAF V600E-mutated metastatic colorectal cancer: an AGEO real-world multicenter study,2024,,10.1016/j.esmoop.2024.103696,,https://doi.org/10.1016/j.esmoop.2024.103696,imported_metadata_not_independently_verified
S0296,Conference abstracts and other sources,Immune checkpoint inhibitors for POLE or POLD1 proofreading-deficient metastatic colorectal cancer,2024,,10.1016/j.annonc.2024.03.009,,https://doi.org/10.1016/j.annonc.2024.03.009,imported_metadata_not_independently_verified
S0297,Conference abstracts and other sources,"Lenvatinib Plus Pembrolizumab Versus Standard of Care for Previously Treated Metastatic Colorectal Cancer: Final Analysis of the Randomized, Open-Label, Phase III LEAP-017 Study",2024,,10.1200/jco.23.02736,,https://doi.org/10.1200/jco.23.02736,imported_metadata_not_independently_verified
S0298,Conference abstracts and other sources,Neoadjuvant botensilimab plus balstilimab in resectable mismatch repair proficient and deficient colorectal cancer: NEST-1 clinical trial.,2024,,10.1200/jco.2024.42.3_suppl.117,,https://doi.org/10.1200/jco.2024.42.3_suppl.117,imported_metadata_not_independently_verified
S0299,Conference abstracts and other sources,Safety and efficacy of encorafenib–cetuximab combination in BRAF-mutated metastatic colorectal cancer: real-world evidence from the CONFIDENCE Spanish multicenter study,2024,,10.1016/j.esmorw.2024.100055,,https://doi.org/10.1016/j.esmorw.2024.100055,imported_metadata_not_independently_verified
S0300,Conference abstracts and other sources,The Prostaglandin EP4 Antagonist Vorbipiprant Combined with PD-1 Blockade for Refractory Microsatellite-Stable Metastatic Colorectal Cancer: A Phase Ib/IIa Trial,2024,,10.1158/1078-0432.ccr-24-2611,,https://doi.org/10.1158/1078-0432.ccr-24-2611,imported_metadata_not_independently_verified
S0301,Conference abstracts and other sources,Treatment of patients with BRAF-mutated metastatic colorectal cancer after progression to encorafenib and cetuximab: data from a real-world nationwide dataset,2024,,10.1016/j.esmoop.2024.102996,,https://doi.org/10.1016/j.esmoop.2024.102996,imported_metadata_not_independently_verified
S0302,Conference abstracts and other sources,tsRNA-GlyGCC promotes colorectal cancer progression and 5-FU resistance by regulating SPIB,2024,,10.1186/s13046-024-03132-6,,https://doi.org/10.1186/s13046-024-03132-6,imported_metadata_not_independently_verified
S0303,Conference abstracts and other sources,1O Precemtabart tocentecan (M9140): Initial results from the phase I PROCEADE-CRC-01 dose optimization study and preclinical antitumor activity across tumor models,2025,,https://doi.org/10.1016/j.esmoop.2025.105346,,https://doi.org/https://doi.org/10.1016/j.esmoop.2025.105346,imported_metadata_not_independently_verified
S0304,Conference abstracts and other sources,"A phase 1 trial of folinic acid, fluorouracil, oxaliplatin, bevacizumab, botensilimab, balstilimab (FOLFOX-3B) in microsatellite stable metastatic colorectal cancer.",2025,,10.1200/jco.2025.43.4_suppl.180,,https://doi.org/10.1200/jco.2025.43.4_suppl.180,imported_metadata_not_independently_verified
S0305,Conference abstracts and other sources,A phase II study of encorafenib and cetuximab (EC) beyond progression in combination with FOLFIRI in BRAF V600E-mutated metastatic colorectal cancer (mCRC).,2025,,10.1200/jco.2025.43.16_suppl.tps3642,,https://doi.org/10.1200/jco.2025.43.16_suppl.tps3642,imported_metadata_not_independently_verified
S0306,Conference abstracts and other sources,A randomized phase 2 study of an individualized neoantigen-targeting immunotherapy in patients with newly diagnosed metastatic microsatellite stable colorectal cancer (MSS-CRC).,2025,,10.1200/jco.2025.43.4_suppl.lba13,,https://doi.org/10.1200/jco.2025.43.4_suppl.lba13,imported_metadata_not_independently_verified
S0307,Conference abstracts and other sources,Abstract 3248: Circulating tumor DNA analysis of patients with BRAF-mutated advanced unresectable solid tumors treated with plixorafenib (FORE8394/PLX8394) in phase 1/2a study,2025,,10.1158/1538-7445.am2025-3248,,https://doi.org/10.1158/1538-7445.am2025-3248,imported_metadata_not_independently_verified
S0308,Conference abstracts and other sources,"Abstract 4394: GFH375 (VS-7375): An oral, selective KRAS G12D (ON/OFF) inhibitor with potent anti-tumor efficacy as single agent and in combination with other anticancer therapies in preclinical models",2025,,10.1158/1538-7445.am2025-4394,,https://doi.org/10.1158/1538-7445.am2025-4394,imported_metadata_not_independently_verified
S0309,Conference abstracts and other sources,"Abstract CT117: PROCEADE PanTumor: A Phase 1b/2, multicenter study of precemtabart tocentecan (M9140), an anti-CEACAM5 antibody-drug conjugate (ADC) with exatecan payload, in patients with advanced solid tumors",2025,,https://doi.org/10.1158/1538-7445.am2025-ct117,,https://doi.org/https://doi.org/10.1158/1538-7445.am2025-ct117,imported_metadata_not_independently_verified
S0310,Conference abstracts and other sources,Abstract CT130: Neoadjuvant botensilimab plus balstilimab in MMR proficient and deficient early stage cancers: First results of the pan-cancer NEOASIS study,2025,,10.1158/1538-7445.am2025-ct130,,https://doi.org/10.1158/1538-7445.am2025-ct130,imported_metadata_not_independently_verified
S0311,Conference abstracts and other sources,Acquired High Tumor Mutational Burden and Activity of Immunotherapy after Targeted Therapy in Microsatellite Stable Colorectal Cancer,2025,,10.1158/1078-0432.ccr-25-2566,,https://doi.org/10.1158/1078-0432.ccr-25-2566,imported_metadata_not_independently_verified
S0312,Conference abstracts and other sources,Adagrasib (Ada) + cetuximab (Cetux) for KRAS G12C -mutated metastatic colorectal cancer (mCRC): Longer follow-up analysis from KRYSTAL-1.,2025,,10.1200/jco.2025.43.4_suppl.131,,https://doi.org/10.1200/jco.2025.43.4_suppl.131,imported_metadata_not_independently_verified
S0313,Conference abstracts and other sources,"Antibody-drug conjugates as immuno-oncology agents in colorectal cancer: targets, payloads, and therapeutic synergies",2025,,https://doi.org/10.3389/fimmu.2025.1678907,,https://doi.org/https://doi.org/10.3389/fimmu.2025.1678907,imported_metadata_not_independently_verified
S0314,Conference abstracts and other sources,Avutometinib plus cetuximab after chemotherapy in patients with KRAS -mutated metastatic colorectal cancer: Results of phase 1 dose escalation.,2025,,10.1200/jco.2025.43.4_suppl.199,,https://doi.org/10.1200/jco.2025.43.4_suppl.199,imported_metadata_not_independently_verified
S0315,Conference abstracts and other sources,BREAKWATER: Analysis of first-line encorafenib + cetuximab + chemotherapy in BRAF V600E-mutant metastatic colorectal cancer.,2025,,10.1200/jco.2025.43.4_suppl.16,,https://doi.org/10.1200/jco.2025.43.4_suppl.16,imported_metadata_not_independently_verified
S0316,Conference abstracts and other sources,Efficacy and safety of glecirasib (JAB-21822) monotherapy and in combination with cetuximab in patients with KRAS G12C-mutated advanced colorectal cancer.,2025,,10.1200/jco.2025.43.4_suppl.191,,https://doi.org/10.1200/jco.2025.43.4_suppl.191,imported_metadata_not_independently_verified
S0317,Conference abstracts and other sources,"Efficacy and safety of olomorasib, a second-generation KRAS G12C inhibitor, plus cetuximab in KRAS G12C-mutant advanced colorectal cancer.",2025,,10.1200/jco.2025.43.16_suppl.3507,,https://doi.org/10.1200/jco.2025.43.16_suppl.3507,imported_metadata_not_independently_verified
S0318,Conference abstracts and other sources,First-line encorafenib + cetuximab + mFOLFOX6 in BRAF V600E-mutant metastatic colorectal cancer (BREAKWATER): Progression-free survival and updated overall survival analyses.,2025,,10.1200/jco.2025.43.17_suppl.lba3500,,https://doi.org/10.1200/jco.2025.43.17_suppl.lba3500,imported_metadata_not_independently_verified
S0319,Conference abstracts and other sources,FORTE: A phase 2 master protocol assessing plixorafenib for BRAF-altered cancers.,2025,,10.1200/jco.2025.43.16_suppl.tps2091,,https://doi.org/10.1200/jco.2025.43.16_suppl.tps2091,imported_metadata_not_independently_verified
S0320,Conference abstracts and other sources,Genomic landscape of clinically acquired resistance alterations in patients treated with KRASG12C inhibitors,2025,,10.1016/j.annonc.2025.01.020,,https://doi.org/10.1016/j.annonc.2025.01.020,imported_metadata_not_independently_verified
S0321,Conference abstracts and other sources,Identification of Candidate Alterations Mediating KRAS G12C Inhibitor Resistance in Advanced Colorectal and Pancreatic Cancers,2025,,10.1158/1078-0432.ccr-24-2948,,https://doi.org/10.1158/1078-0432.ccr-24-2948,imported_metadata_not_independently_verified
S0322,Conference abstracts and other sources,Liver transplantation as a new treatment option for perihilar cholangiocarcinoma and colorectal liver metastases: a review,2025,,10.1007/s10147-025-02820-3,,https://doi.org/10.1007/s10147-025-02820-3,imported_metadata_not_independently_verified
S0323,Conference abstracts and other sources,Liver Transplantation for Unresectable Colorectal Liver Metastases,2025,,10.1177/15330338251361238,,https://doi.org/10.1177/15330338251361238,imported_metadata_not_independently_verified
S0324,Conference abstracts and other sources,Longitudinal ctDNA monitoring and prediction of anti-EGFR rechallenge outcomes in RAS/BRAF wild-type metastatic colorectal cancer (mCRC): The REMARRY & PURSUIT trials.,2025,,10.1200/jco.2025.43.16_suppl.3514,,https://doi.org/10.1200/jco.2025.43.16_suppl.3514,imported_metadata_not_independently_verified
S0325,Conference abstracts and other sources,Neoadjuvant botensilimab (BOT) plus balstilimab (BAL) in resectable mismatch repair proficient (pMMR) and deficient (dMMR) colorectal cancer (CRC): NEST clinical trial update.,2025,,10.1200/jco.2025.43.4_suppl.207,,https://doi.org/10.1200/jco.2025.43.4_suppl.207,imported_metadata_not_independently_verified
S0326,Conference abstracts and other sources,Overall Survival Analysis of the Phase III CodeBreaK 300 Study of Sotorasib Plus Panitumumab Versus Investigator's Choice in Chemorefractory KRAS G12C Colorectal Cancer,2025,,10.1200/jco-24-02026,,https://doi.org/10.1200/jco-24-02026,imported_metadata_not_independently_verified
S0327,Conference abstracts and other sources,"Phase I/II trial of encorafenib, cetuximab, and nivolumab in microsatellite stable BRAF V600E metastatic colorectal cancer following progression on prior BRAF+EGFR targeted therapies.",2025,,10.1200/jco.2025.43.4_suppl.182,,https://doi.org/10.1200/jco.2025.43.4_suppl.182,imported_metadata_not_independently_verified
S0328,Conference abstracts and other sources,"Precemtabart tocentecan, an anti-CEACAM5 antibody–drug conjugate, in metastatic colorectal cancer: a phase 1 trial",2025,,https://doi.org/10.1038/s41591-025-03843-z,,https://doi.org/https://doi.org/10.1038/s41591-025-03843-z,imported_metadata_not_independently_verified
S0329,Conference abstracts and other sources,"Precemtabart tocentecan (M9140), an anti-CEACAM5 ADC with exatecan payload, in patients with metastatic colorectal cancer (mCRC): Results from the dose optimization of the phase 1 PROCEADE CRC-01 study.",2025,,https://doi.org/10.1200/jco.2025.43.16_suppl.3038,,https://doi.org/https://doi.org/10.1200/jco.2025.43.16_suppl.3038,imported_metadata_not_independently_verified
S0330,Conference abstracts and other sources,"Preliminary results from a randomized, open-label, phase 2 study of botensilimab (BOT) with or without balstilimab (BAL) in refractory microsatellite stable metastatic colorectal cancer with no liver metastases (MSS mCRC NLM).",2025,,10.1200/jco.2025.43.4_suppl.23,,https://doi.org/10.1200/jco.2025.43.4_suppl.23,imported_metadata_not_independently_verified
S0331,Conference abstracts and other sources,Preoperative immunotherapy with atezolizumab and tiragolumab in patients with colorectal liver metastases—the PURPLE trial,2025,,10.1016/j.esmogo.2025.100226,,https://doi.org/10.1016/j.esmogo.2025.100226,imported_metadata_not_independently_verified
S0332,Conference abstracts and other sources,Prognostic factors of survival and recurrence after liver transplantation for unresectable colorectal liver metastases: Results from the TransMet trial.,2025,,10.1200/jco.2025.43.16_suppl.3561,,https://doi.org/10.1200/jco.2025.43.16_suppl.3561,imported_metadata_not_independently_verified
S0333,Conference abstracts and other sources,Re-treatment with panitumumab followed by regorafenib versus the reverse sequence in chemorefractory metastatic colorectal cancer patients with RAS and BRAF wild-type circulating tumor DNA: the PARERE study by GONO,2025,,10.1016/j.annonc.2025.10.002,,https://doi.org/10.1016/j.annonc.2025.10.002,imported_metadata_not_independently_verified
S0334,Conference abstracts and other sources,The KRAS G12C inhibitor MK-1084 for KRAS G12C–mutated advanced colorectal cancer (CRC): Results from KANDLELIT-001.,2025,,10.1200/jco.2025.43.16_suppl.3508,,https://doi.org/10.1200/jco.2025.43.16_suppl.3508,imported_metadata_not_independently_verified
S0335,Conference abstracts and other sources,"A randomised study of encorafenib, cetuximab, and FOLFIRI versus FOLFIRI with or without bevacizumab in BRAF V600E-mutant colorectal cancer: BREAKWATER Cohort 3",2026,,10.1016/j.annonc.2026.04.017,,https://doi.org/10.1016/j.annonc.2026.04.017,imported_metadata_not_independently_verified
S0336,Conference abstracts and other sources,"A randomized, active-controlled phase 3 study of ivonescimab + FOLFOX versus bevacizumab + FOLFOX as first-line treatment of metastatic colorectal cancer (mCRC): HARMONi-GI3.",2026,,10.1200/jco.2026.44.16_suppl.tps3682,,https://doi.org/10.1200/jco.2026.44.16_suppl.tps3682,imported_metadata_not_independently_verified
S0337,Conference abstracts and other sources,Abstract 1884: Molecular determinants of sensitivity and resistance to the pan-RAS(ON) inhibitor daraxonrasib(RMC-6236) across KRAS-mutant patient-derived models.,2026,,10.1158/1538-7445.am2026-1884,,https://doi.org/10.1158/1538-7445.am2026-1884,imported_metadata_not_independently_verified
S0338,Conference abstracts and other sources,"Abstract 7100: VS-7375: An oral, selective KRAS G12D dual ON/OFF inhibitor with potent anti-tumor activity as a single agent and in combination with other agents",2026,,10.1158/1538-7445.am2026-7100,,https://doi.org/10.1158/1538-7445.am2026-7100,imported_metadata_not_independently_verified
S0339,Conference abstracts and other sources,Abstract PR007: Anti-tumor efficacy of the selective oral KRAS G12D dual ON/OFF inhibitor VS-7375 as a single agent and in combination with targeted agents,2026,,10.1158/1538-7445.rasoncother26-pr007,,https://doi.org/10.1158/1538-7445.rasoncother26-pr007,imported_metadata_not_independently_verified
S0340,Conference abstracts and other sources,Antibody–drug conjugates in colorectal cancer: advances in targeted delivery and personalized oncology,2026,,https://doi.org/10.3389/fbioe.2026.1756741,,https://doi.org/https://doi.org/10.3389/fbioe.2026.1756741,imported_metadata_not_independently_verified
S0341,Conference abstracts and other sources,BREAKWATER phase 3: Post hoc subgroup analyses by age in patients (pts) with BRAF V600E-mutant metastatic colorectal cancer (mCRC).,2026,,10.1200/jco.2026.44.2_suppl.122,,https://doi.org/10.1200/jco.2026.44.2_suppl.122,imported_metadata_not_independently_verified
S0342,Conference abstracts and other sources,BREAKWATER: Primary analysis of first-line (1L) encorafenib + cetuximab (EC) + FOLFIRI in BRAF V600E-mutant metastatic colorectal cancer (mCRC).,2026,,10.1200/jco.2026.44.2_suppl.13,,https://doi.org/10.1200/jco.2026.44.2_suppl.13,imported_metadata_not_independently_verified
S0343,Conference abstracts and other sources,BREAKWATER: Progression-free and overall survival analyses of first-line (1L) encorafenib + cetuximab (EC) + FOLFIRI in BRAF V600E-mutant metastatic colorectal cancer (mCRC).,2026,,10.1200/jco.2026.44.17_suppl.lba3503,,https://doi.org/10.1200/jco.2026.44.17_suppl.lba3503,imported_metadata_not_independently_verified
S0344,Conference abstracts and other sources,Early ctDNA Dynamics Predict Response to Mosperafenib in BRAF V600-Mutant Metastatic Colorectal Cancer,2026,,10.1158/2767-9764.crc-26-0196,,https://doi.org/10.1158/2767-9764.crc-26-0196,imported_metadata_not_independently_verified
S0345,Conference abstracts and other sources,Ivonescimab (ivo) with oxaliplatin + fluorouracil (5-FU) + leucovorin calcium (mFOLFOX6) for patients (pts) with unresectable metastatic colorectal cancer (mCRC): A phase 2 study.,2026,,10.1200/jco.2026.44.16_suppl.3576,,https://doi.org/10.1200/jco.2026.44.16_suppl.3576,imported_metadata_not_independently_verified
S0346,Conference abstracts and other sources,KANDLELIT-012: Phase 3 study of MK-1084 (a KRAS G12C inhibitor) plus cetuximab and mFOLFOX6 with or without bevacizumab for KRAS G12C -mutant colorectal cancer.,2026,,10.1200/jco.2026.44.2_suppl.tps267,,https://doi.org/10.1200/jco.2026.44.2_suppl.tps267,imported_metadata_not_independently_verified
S0347,Conference abstracts and other sources,Novel Syngeneic Cell Lines for Studying High-Risk BRAFV600E-Driven Colorectal Cancer In Vivo,2026,,10.1158/2767-9764.crc-25-0599,,https://doi.org/10.1158/2767-9764.crc-25-0599,imported_metadata_not_independently_verified
S0348,Conference abstracts and other sources,"Phase I Study of Mosperafenib, a Novel Paradox Breaker B-Raf Proto-Oncogene Serine/Threonine Kinase (BRAF) Inhibitor, in Patients With BRAF V600–Mutant Solid Tumors",2026,,10.1200/jco-25-02444,,https://doi.org/10.1200/jco-25-02444,imported_metadata_not_independently_verified
S0349,Conference abstracts and other sources,Phase II trial of neoadjuvant short-course radiotherapy followed by ivonescimab with or without chemotherapy in locally advanced rectal cancer (TRIUNITE-03).,2026,,10.1200/jco.2026.44.2_suppl.tps258,,https://doi.org/10.1200/jco.2026.44.2_suppl.tps258,imported_metadata_not_independently_verified
S0350,Conference abstracts and other sources,"SWOG S2107: Randomized phase II trial of encorafenib and cetuximab with or without nivolumab for patients with previously treated MSS, BRAF V600E metastatic colorectal cancer (mCRC).",2026,,10.1200/jco.2026.44.16_suppl.3504,,https://doi.org/10.1200/jco.2026.44.16_suppl.3504,imported_metadata_not_independently_verified
S0351,Conference abstracts and other sources,BREAKWATER op ASCO 2025 en ASCO GI 2026,2026-01-10,,,,https://ascopost.com/issues/june-25-2025/updated-results-confirm-benefit-of-combination-regimen-in-braf-v600e-mutated-metastatic-colorectal-cancer/,imported_metadata_not_independently_verified
S0352,Conference abstracts and other sources,GitHub: wat een zoektocht opleverde,2026-09-09,,,,,source_link_pending
S0353,Conference abstracts and other sources,"SWOG S2107: encorafenib en cetuximab met of zonder nivolumab bij eerder behandelde MSS BRAF V600E mCRC (ASCO 2026, abstract 3504)",2026-06-01,,,,https://ascopubs.org/doi/10.1200/JCO.2026.44.16_suppl.3504,imported_metadata_not_independently_verified
S0354,RAS and MAPK therapies,First-in-Class ERK1/2 Inhibitor Ulixertinib (BVD-523) in Patients with MAPK Mutant Advanced Solid Tumors: Results of a Phase I Dose-Escalation and Expansion Study.,2018,29247021,10.1158/2159-8290.CD-17-1119,,https://pubmed.ncbi.nlm.nih.gov/29247021/,imported_metadata_not_independently_verified
S0355,RAS and MAPK therapies,RAF inhibitor PLX8394 selectively disrupts BRAF dimers and RAS-independent BRAF-mutant-driven signaling.,2019,30559419,10.1038/s41591-018-0274-5,,https://pubmed.ncbi.nlm.nih.gov/30559419/,imported_metadata_not_independently_verified
S0356,RAS and MAPK therapies,ERK Inhibitor LY3214996 Targets ERK Pathway-Driven Cancers: A Therapeutic Approach Toward Precision Medicine.,2020,31744895,10.1158/1535-7163.MCT-19-0183,,https://pubmed.ncbi.nlm.nih.gov/31744895/,imported_metadata_not_independently_verified
S0357,RAS and MAPK therapies,Acquired Resistance to KRAS G12C  Inhibition in Cancer.,2021,34161704,10.1056/NEJMoa2105281,,https://pubmed.ncbi.nlm.nih.gov/34161704/,imported_metadata_not_independently_verified
S0358,RAS and MAPK therapies,Adagrasib Data Create Buzz at ESMO.,2021,34607832,10.1158/2159-8290.CD-NB2021-0385,,https://pubmed.ncbi.nlm.nih.gov/34607832/,imported_metadata_not_independently_verified
S0359,RAS and MAPK therapies,"BI-3406, a Potent and Selective SOS1-KRAS Interaction Inhibitor, Is Effective in KRAS-Driven Cancers through Combined MEK Inhibition.",2021,32816843,10.1158/2159-8290.CD-20-0142,,https://pubmed.ncbi.nlm.nih.gov/32816843/,imported_metadata_not_independently_verified
S0360,RAS and MAPK therapies,"Discovery of ASTX029, A Clinical Candidate Which Modulates the Phosphorylation and Catalytic Activity of ERK1/2.",2021,34387469,10.1021/acs.jmedchem.1c00905,,https://pubmed.ncbi.nlm.nih.gov/34387469/,imported_metadata_not_independently_verified
S0361,RAS and MAPK therapies,Diverse alterations associated with resistance to KRAS(G12C) inhibition.,2021,34759319,10.1038/s41586-021-04065-2,,https://pubmed.ncbi.nlm.nih.gov/34759319/,imported_metadata_not_independently_verified
S0362,RAS and MAPK therapies,Dual RAF-MEK Inhibitor Assessed.,2021,33188055,10.1158/2159-8290.CD-NB2020-101,,https://pubmed.ncbi.nlm.nih.gov/33188055/,imported_metadata_not_independently_verified
S0363,RAS and MAPK therapies,KRAS mutation: from undruggable to druggable in cancer.,2021,34776511,10.1038/s41392-021-00780-4,,https://pubmed.ncbi.nlm.nih.gov/34776511/,imported_metadata_not_independently_verified
S0364,RAS and MAPK therapies,KRAS mutation in pancreatic cancer.,2021,33676749,10.1053/j.seminoncol.2021.02.003,,https://pubmed.ncbi.nlm.nih.gov/33676749/,imported_metadata_not_independently_verified
S0365,RAS and MAPK therapies,Mini review: The FDA-approved prescription drugs that target the MAPK signaling pathway in women with breast cancer.,2021,33896802,10.3233/BD-201063,,https://pubmed.ncbi.nlm.nih.gov/33896802/,imported_metadata_not_independently_verified
S0366,RAS and MAPK therapies,Novel RAF/MEK inhibitor CH5126766/VS-6766 has efficacy in combination with eribulin for the treatment of triple-negative breast cancer.,2021,34288272,10.1111/cas.15071,,https://pubmed.ncbi.nlm.nih.gov/34288272/,imported_metadata_not_independently_verified
S0367,RAS and MAPK therapies,Anti-tumor efficacy of a potent and selective non-covalent KRAS G12D  inhibitor.,2022,36216931,10.1038/s41591-022-02007-7,,https://pubmed.ncbi.nlm.nih.gov/36216931/,imported_metadata_not_independently_verified
S0368,RAS and MAPK therapies,Expanding the Reach of Precision Oncology by Drugging All KRAS Mutants.,2022,35046095,10.1158/2159-8290.CD-21-1331,,https://pubmed.ncbi.nlm.nih.gov/35046095/,imported_metadata_not_independently_verified
S0369,RAS and MAPK therapies,KRAS inhibitors: going noncovalent.,2022,36383067,10.1002/1878-0261.13341,,https://pubmed.ncbi.nlm.nih.gov/36383067/,imported_metadata_not_independently_verified
S0370,RAS and MAPK therapies,RAF-MEK-ERK pathway in cancer evolution and treatment.,2022,33992782,10.1016/j.semcancer.2021.05.010,,https://pubmed.ncbi.nlm.nih.gov/33992782/,imported_metadata_not_independently_verified
S0371,RAS and MAPK therapies,Single agent VS-6766 or VS-6766 plus defactinib in  KRAS -mutant non-small-cell lung cancer: the RAMP-202 phase II trial.,2022,35285277,10.2217/fon-2021-1582,,https://pubmed.ncbi.nlm.nih.gov/35285277/,imported_metadata_not_independently_verified
S0372,RAS and MAPK therapies,Adagrasib with or without Cetuximab in Colorectal Cancer with Mutated  KRAS  G12C.,2023,36546659,10.1056/NEJMoa2212419,,https://pubmed.ncbi.nlm.nih.gov/36546659/,imported_metadata_not_independently_verified
S0373,RAS and MAPK therapies,Case Report: Longitudinal monitoring of clonal evolution by circulating tumor DNA for resistance to anti-EGFR antibody in a case of metastatic colorectal cancer.,2023,37434969,10.3389/fonc.2023.1203296,,https://pubmed.ncbi.nlm.nih.gov/37434969/,imported_metadata_not_independently_verified
S0374,RAS and MAPK therapies,Drugging RAS: Moving Beyond KRASG12C.,2023,37871268,10.1158/2159-8290.CD-ND2023-0010,,https://pubmed.ncbi.nlm.nih.gov/37871268/,imported_metadata_not_independently_verified
S0375,RAS and MAPK therapies,Efficacy of a Small-Molecule Inhibitor of KrasG12D in Immunocompetent Models of Pancreatic Cancer.,2023,36472553,10.1158/2159-8290.CD-22-1066,,https://pubmed.ncbi.nlm.nih.gov/36472553/,imported_metadata_not_independently_verified
S0376,RAS and MAPK therapies,Feedback activation of EGFR/wild-type RAS signaling axis limits KRAS G12D  inhibitor efficacy in KRAS G12D -mutated colorectal cancer.,2023,37020035,10.1038/s41388-023-02676-9,,https://pubmed.ncbi.nlm.nih.gov/37020035/,imported_metadata_not_independently_verified
S0377,RAS and MAPK therapies,High-Throughput Functional Evaluation of MAP2K1 Variants in Cancer.,2023,36442478,10.1158/1535-7163.MCT-22-0302,,https://pubmed.ncbi.nlm.nih.gov/36442478/,imported_metadata_not_independently_verified
S0378,RAS and MAPK therapies,KRAS G12D  inhibition reprograms the microenvironment of early and advanced pancreatic cancer to promote FAS-mediated killing by CD8 +  T cells.,2023,37625401,10.1016/j.ccell.2023.07.002,,https://pubmed.ncbi.nlm.nih.gov/37625401/,imported_metadata_not_independently_verified
S0379,RAS and MAPK therapies,Pan-KRAS inhibitor disables oncogenic signalling and tumour growth.,2023,37258666,10.1038/s41586-023-06123-3,,https://pubmed.ncbi.nlm.nih.gov/37258666/,imported_metadata_not_independently_verified
S0380,RAS and MAPK therapies,Single-Agent Divarasib (GDC-6036) in Solid Tumors with a  KRAS  G12C Mutation.,2023,37611121,10.1056/NEJMoa2303810,,https://pubmed.ncbi.nlm.nih.gov/37611121/,imported_metadata_not_independently_verified
S0381,RAS and MAPK therapies,Co-targeting SOS1 enhances the antitumor effects of KRAS G12C  inhibitors by addressing intrinsic and acquired resistance.,2024,39103541,10.1038/s43018-024-00800-6,,https://pubmed.ncbi.nlm.nih.gov/39103541/,imported_metadata_not_independently_verified
S0382,RAS and MAPK therapies,Combining RAS(ON) G12C-selective inhibitor with SHP2 inhibition sensitises lung tumours to immune checkpoint blockade.,2024,39322643,10.1038/s41467-024-52324-3,,https://pubmed.ncbi.nlm.nih.gov/39322643/,imported_metadata_not_independently_verified
S0383,RAS and MAPK therapies,Concurrent inhibition of oncogenic and wild-type RAS-GTP for cancer therapy.,2024,38589574,10.1038/s41586-024-07205-6,,https://pubmed.ncbi.nlm.nih.gov/38589574/,imported_metadata_not_independently_verified
S0384,RAS and MAPK therapies,"Discovery of RGT-018: A Potent, Selective, and Orally Bioavailable SOS1 Inhibitor for KRAS-Driven Cancers.",2024,39087485,10.1158/1535-7163.MCT-24-0049,,https://pubmed.ncbi.nlm.nih.gov/39087485/,imported_metadata_not_independently_verified
S0385,RAS and MAPK therapies,Divarasib plus cetuximab in KRAS G12C-positive colorectal cancer: a phase 1b trial.,2024,38052910,10.1038/s41591-023-02696-8,,https://pubmed.ncbi.nlm.nih.gov/38052910/,imported_metadata_not_independently_verified
S0386,RAS and MAPK therapies,Efficacy and Safety of Adagrasib plus Cetuximab in Patients with KRASG12C-Mutated Metastatic Colorectal Cancer.,2024,38587856,10.1158/2159-8290.CD-24-0217,,https://pubmed.ncbi.nlm.nih.gov/38587856/,imported_metadata_not_independently_verified
S0387,RAS and MAPK therapies,"KRAS: Biology, Inhibition, and Mechanisms of Inhibitor Resistance.",2024,38668053,10.3390/curroncol31040150,,https://pubmed.ncbi.nlm.nih.gov/38668053/,imported_metadata_not_independently_verified
S0388,RAS and MAPK therapies,Mechanisms of Resistance to Oncogenic KRAS Inhibition in Pancreatic Cancer.,2024,38975874,10.1158/2159-8290.CD-24-0177,,https://pubmed.ncbi.nlm.nih.gov/38975874/,imported_metadata_not_independently_verified
S0389,RAS and MAPK therapies,Partial response to crizotinib + regorafenib + PD-1 inhibitor in a metastatic  BRAF  V600EMT colon cancer patient with acquired  C-MET  amplification and  TPM4-ALK  fusion: a case report.,2024,38711893,10.21037/acr-23-155,,https://pubmed.ncbi.nlm.nih.gov/38711893/,imported_metadata_not_independently_verified
S0390,RAS and MAPK therapies,Phase II Study of Ulixertinib in Children and Young Adults With Tumors Harboring Activating Mitogen-Activated Protein Kinase Pathway Alterations: APEC1621J of the National Cancer Institute-Children's Oncology Group Pediatric MATCH Trial.,2024,38935895,10.1200/PO.24.00103,,https://pubmed.ncbi.nlm.nih.gov/38935895/,imported_metadata_not_independently_verified
S0391,RAS and MAPK therapies,RAS-ON inhibition overcomes clinical resistance to KRAS G12C-OFF covalent blockade.,2024,39215000,10.1038/s41467-024-51828-2,,https://pubmed.ncbi.nlm.nih.gov/39215000/,imported_metadata_not_independently_verified
S0392,RAS and MAPK therapies,Targeting cancer with small-molecule pan-KRAS degraders.,2024,39298590,10.1126/science.adm8684,,https://pubmed.ncbi.nlm.nih.gov/39298590/,imported_metadata_not_independently_verified
S0393,RAS and MAPK therapies,"Targeting  KRAS  G12C Mutation in Colorectal Cancer, A Review: New Arrows in the Quiver.",2024,38542278,10.3390/ijms25063304,,https://pubmed.ncbi.nlm.nih.gov/38542278/,imported_metadata_not_independently_verified
S0394,RAS and MAPK therapies,Targeting KRAS in pancreatic cancer.,2024,38686056,10.32604/or.2024.045356,,https://pubmed.ncbi.nlm.nih.gov/38686056/,imported_metadata_not_independently_verified
S0395,RAS and MAPK therapies,The type II RAF inhibitor tovorafenib in relapsed/refractory pediatric low-grade glioma: the phase 2 FIREFLY-1 trial.,2024,37978284,10.1038/s41591-023-02668-y,,https://pubmed.ncbi.nlm.nih.gov/37978284/,imported_metadata_not_independently_verified
S0396,RAS and MAPK therapies,Translational and Therapeutic Evaluation of RAS-GTP Inhibition by RMC-6236 in RAS-Driven Cancers.,2024,38593348,10.1158/2159-8290.CD-24-0027,,https://pubmed.ncbi.nlm.nih.gov/38593348/,imported_metadata_not_independently_verified
S0397,RAS and MAPK therapies,Twelve-month progression-free survival with sotorasib and panitumumab in KRAS G12C mutant metastatic colorectal cancer.,2024,38451823,10.1097/CAD.0000000000001587,,https://pubmed.ncbi.nlm.nih.gov/38451823/,imported_metadata_not_independently_verified
S0398,RAS and MAPK therapies,A RAS(ON) Multi-Selective Inhibitor Combination Therapy Triggers Long-term Tumor Control through Senescence-Associated Tumor-Immune Equilibrium in Pancreatic Ductal Adenocarcinoma.,2025,40299790,10.1158/2159-8290.CD-24-1425,,https://pubmed.ncbi.nlm.nih.gov/40299790/,imported_metadata_not_independently_verified
S0399,RAS and MAPK therapies,A targeted combination therapy achieves effective pancreatic cancer regression and prevents tumor resistance.,2025,41329731,10.1073/pnas.2523039122,,https://pubmed.ncbi.nlm.nih.gov/41329731/,imported_metadata_not_independently_verified
S0400,RAS and MAPK therapies,Adagrasib in the treatment of colorectal cancer.,2025,40619745,10.1080/14796694.2025.2524311,,https://pubmed.ncbi.nlm.nih.gov/40619745/,imported_metadata_not_independently_verified
S0401,RAS and MAPK therapies,An overview of KRAS-targeting therapies for colorectal cancer in phase I and II development.,2025,41503677,10.1080/13543784.2025.2611395,,https://pubmed.ncbi.nlm.nih.gov/41503677/,imported_metadata_not_independently_verified
S0402,RAS and MAPK therapies,BRAF oncogenic mutants evade autoinhibition through a common mechanism.,2025,40440367,10.1126/science.adp2742,,https://pubmed.ncbi.nlm.nih.gov/40440367/,imported_metadata_not_independently_verified
S0403,RAS and MAPK therapies,Breakthrough in RAS targeting with pan-RAS(ON) inhibitors RMC-7977 and RMC-6236.,2025,39586491,10.1016/j.drudis.2024.104250,,https://pubmed.ncbi.nlm.nih.gov/39586491/,imported_metadata_not_independently_verified
S0404,RAS and MAPK therapies,"Discovery of Daraxonrasib (RMC-6236), a Potent and Orally Bioavailable RAS(ON) Multi-selective, Noncovalent Tri-complex Inhibitor for the Treatment of Patients with Multiple RAS-Addicted Cancers.",2025,40056080,10.1021/acs.jmedchem.4c02314,,https://pubmed.ncbi.nlm.nih.gov/40056080/,imported_metadata_not_independently_verified
S0405,RAS and MAPK therapies,"Drugging the 'undruggable' KRAS: breakthroughs, challenges, and opportunities in pancreatic cancer.",2025,40624835,10.20892/j.issn.2095-3941.2025.0122,,https://pubmed.ncbi.nlm.nih.gov/40624835/,imported_metadata_not_independently_verified
S0406,RAS and MAPK therapies,Genomic landscape of clinically acquired resistance alterations in patients treated with KRAS G12C  inhibitors.,2025,39914665,10.1016/j.annonc.2025.01.020,,https://pubmed.ncbi.nlm.nih.gov/39914665/,imported_metadata_not_independently_verified
S0407,RAS and MAPK therapies,"Health-related quality of life in patients with KRAS G12C -mutated chemorefractory metastatic colorectal cancer treated with sotorasib plus panitumumab or standard of care (CodeBreaK 300): results from a phase 3, randomised clinical trial.",2025,40812325,10.1016/S1470-2045(25)00352-3,,https://pubmed.ncbi.nlm.nih.gov/40812325/,imported_metadata_not_independently_verified
S0408,RAS and MAPK therapies,"Inhibition, But Not Depletion, of Erk Signaling Ameliorates Anthracycline-Induced Cardiotoxicity in Zebrafish.",2025,41042191,10.1016/j.jaccao.2025.08.005,,https://pubmed.ncbi.nlm.nih.gov/41042191/,imported_metadata_not_independently_verified
S0409,RAS and MAPK therapies,KRAS G12C inhibitors as monotherapy or in combination for metastatic colorectal cancer: A proportion and comparative meta-analysis of efficacy and toxicity from phase I-II-III trials.,2025,40274247,10.1016/j.critrevonc.2025.104741,,https://pubmed.ncbi.nlm.nih.gov/40274247/,imported_metadata_not_independently_verified
S0410,RAS and MAPK therapies,KRAS inhibitors: resistance drivers and combinatorial strategies.,2025,39732595,10.1016/j.trecan.2024.11.009,,https://pubmed.ncbi.nlm.nih.gov/39732595/,imported_metadata_not_independently_verified
S0411,RAS and MAPK therapies,MRTX1133 attenuates KRAS G12D  mutated-colorectal cancer progression through activating ferroptosis activity via METTL14/LINC02159/FOXC2 axis.,2025,39657309,10.1016/j.tranon.2024.102235,,https://pubmed.ncbi.nlm.nih.gov/39657309/,imported_metadata_not_independently_verified
S0412,RAS and MAPK therapies,Overall Survival Analysis of the Phase III CodeBreaK 300 Study of Sotorasib Plus Panitumumab Versus Investigator's Choice in Chemorefractory  KRAS  G12C Colorectal Cancer.,2025,40215429,10.1200/JCO-24-02026,,https://pubmed.ncbi.nlm.nih.gov/40215429/,imported_metadata_not_independently_verified
S0413,RAS and MAPK therapies,Reporter-based screening identifies RAS-RAF mutations as drivers of resistance to active-state RAS inhibitors in colorectal cancer.,2025,40694611,10.1126/scisignal.adr3738,,https://pubmed.ncbi.nlm.nih.gov/40694611/,imported_metadata_not_independently_verified
S0414,RAS and MAPK therapies,T-cell Dependency of Tumor Regressions and Complete Responses with RAS(ON) Multi-selective Inhibition in Preclinical Models of Pancreatic Ductal Adenocarcinoma.,2025,40057911,10.1158/2159-8290.CD-24-1475,,https://pubmed.ncbi.nlm.nih.gov/40057911/,imported_metadata_not_independently_verified
S0415,RAS and MAPK therapies,Targeting KRAS G12D: Advances in Inhibitor Design.,2025,41423807,10.1111/1759-7714.70203,,https://pubmed.ncbi.nlm.nih.gov/41423807/,imported_metadata_not_independently_verified
S0416,RAS and MAPK therapies,VEGFR2 blockade overcomes acquired KRAS G12D inhibitor resistance driven by PI3Kγ activation.,2025,41000780,10.1101/2025.09.16.676456,,https://pubmed.ncbi.nlm.nih.gov/41000780/,imported_metadata_not_independently_verified
S0417,RAS and MAPK therapies,Concurrent Stereotactic Body Radiation Therapy and KRAS Inhibition Synergistically Improve Pre-clinical Pancreatic Cancer Treatment.,2026,42523398,10.64898/2026.07.10.737883,,https://pubmed.ncbi.nlm.nih.gov/42523398/,imported_metadata_not_independently_verified
S0418,RAS and MAPK therapies,Daraxonrasib in Previously Treated Advanced  RAS -Mutated Pancreatic Cancer.,2026,42090791,10.1056/NEJMoa2505783,,https://pubmed.ncbi.nlm.nih.gov/42090791/,imported_metadata_not_independently_verified
S0419,RAS and MAPK therapies,Daraxonrasib or Chemotherapy in Previously Treated Metastatic Pancreatic Cancer.,2026,42223072,10.1056/NEJMoa2605555,,https://pubmed.ncbi.nlm.nih.gov/42223072/,imported_metadata_not_independently_verified
S0420,RAS and MAPK therapies,Daraxonrasib (RMC-6236) pharmacokinetics: impact of transporters and drug-metabolizing enzymes on a first-in-class pan-RAS molecular glue.,2026,42107507,10.1016/j.phrs.2026.108226,,https://pubmed.ncbi.nlm.nih.gov/42107507/,imported_metadata_not_independently_verified
S0421,RAS and MAPK therapies,Discovery of Highly Potent and Selective SOS1 Inhibitors for the Treatment of KRAS-Driven Colorectal Cancer.,2026,42247371,10.1021/acs.jmedchem.6c00196,,https://pubmed.ncbi.nlm.nih.gov/42247371/,imported_metadata_not_independently_verified
S0422,RAS and MAPK therapies,Disrupted molecular glue complex drives RAS inhibitor resistance.,2026,42092352,10.1016/j.cell.2026.03.031,,https://pubmed.ncbi.nlm.nih.gov/42092352/,imported_metadata_not_independently_verified
S0423,RAS and MAPK therapies,Emerging KRAS G12D inhibitor in the treatment of digestive system tumors: opportunities and challenges.,2026,41969551,10.21037/tgh-25-124,,https://pubmed.ncbi.nlm.nih.gov/41969551/,imported_metadata_not_independently_verified
S0424,RAS and MAPK therapies,"Fulzerasib plus cetuximab in first-line KRAS G12C -mutated non-small-cell lung cancer (KROCUS): a single-arm, multicentre, phase 1b/2 trial.",2026,41926959,10.1016/S1470-2045(25)00764-8,,https://pubmed.ncbi.nlm.nih.gov/41926959/,imported_metadata_not_independently_verified
S0425,RAS and MAPK therapies,"Glecirasib with or without cetuximab in previously treated locally advanced or metastatic colorectal cancer with KRAS G12C  mutation (JAB-21822-1002 and JAB-21822-1007): two open-label, non-randomised phase 1/2 trials.",2026,41344351,10.1016/S2468-1253(25)00267-5,,https://pubmed.ncbi.nlm.nih.gov/41344351/,imported_metadata_not_independently_verified
S0426,RAS and MAPK therapies,High-throughput screening identifies NT-1 that synergizes with MRTX1133 against acquired resistant KRAS G12D  colorectal cancer.,2026,41951768,10.1038/s41698-026-01384-3,,https://pubmed.ncbi.nlm.nih.gov/41951768/,imported_metadata_not_independently_verified
S0427,RAS and MAPK therapies,Overcoming Adaptive Resistance to KRASG12D Blockade in Pancreatic Cancer through Vertical Pathway Inhibition.,2026,41801133,10.1158/1078-0432.CCR-25-1788,,https://pubmed.ncbi.nlm.nih.gov/41801133/,imported_metadata_not_independently_verified
S0428,RAS and MAPK therapies,"Phase I Study of Mosperafenib, a Novel Paradox Breaker B-Raf Proto-Oncogene Serine/Threonine Kinase (BRAF) Inhibitor, in Patients With  BRAF  V600-Mutant Solid Tumors.",2026,41894647,10.1200/JCO-25-02444,,https://pubmed.ncbi.nlm.nih.gov/41894647/,imported_metadata_not_independently_verified
S0429,RAS and MAPK therapies,RAS(ON) Multiselective Inhibition Drives Antitumor Immunity in Preclinical Models of NRAS-Mutant Melanoma.,2026,41186497,10.1158/2326-6066.CIR-25-0744,,https://pubmed.ncbi.nlm.nih.gov/41186497/,imported_metadata_not_independently_verified
S0430,RAS and MAPK therapies,Safety and efficacy of sotorasib plus panitumumab and FOLFIRI for previously treated KRAS G12C-mutated metastatic colorectal cancer in the CodeBreaK 101 phase Ib study.,2026,42617424,10.1016/j.esmoop.2026.108338,,https://pubmed.ncbi.nlm.nih.gov/42617424/,imported_metadata_not_independently_verified
S0431,RAS and MAPK therapies,SRC at the crossroads of KRAS inhibitor resistance: Mechanisms and therapeutic opportunities.,2026,41338446,10.1016/j.canlet.2025.218194,,https://pubmed.ncbi.nlm.nih.gov/41338446/,imported_metadata_not_independently_verified
S0432,Immune mechanisms,cGAS-STING pathway in cancer biotherapy.,2020,32887628,10.1186/s12943-020-01247-w,,https://pubmed.ncbi.nlm.nih.gov/32887628/,imported_metadata_not_independently_verified
S0433,Immune mechanisms,Blocking IL-17A enhances tumor response to anti-PD-1 immunotherapy in microsatellite stable colorectal cancer.,2021,33462141,10.1136/jitc-2020-001895,,https://pubmed.ncbi.nlm.nih.gov/33462141/,imported_metadata_not_independently_verified
S0434,Immune mechanisms,Current status and perspectives of immune checkpoint inhibitors for colorectal cancer.,2021,33205813,10.1093/jjco/hyaa200,,https://pubmed.ncbi.nlm.nih.gov/33205813/,imported_metadata_not_independently_verified
S0435,Immune mechanisms,Radiation therapy enhances immunotherapy response in microsatellite stable colorectal and pancreatic adenocarcinoma in a phase II trial.,2021,35122060,10.1038/s43018-021-00269-7,,https://pubmed.ncbi.nlm.nih.gov/35122060/,imported_metadata_not_independently_verified
S0436,Immune mechanisms,Spatially organized multicellular immune hubs in human colorectal cancer.,2021,34450029,10.1016/j.cell.2021.08.003,,https://pubmed.ncbi.nlm.nih.gov/34450029/,imported_metadata_not_independently_verified
S0437,Immune mechanisms,Strategic enhancement of immune checkpoint inhibition in refractory Colorectal Cancer: Trends and future prospective.,2021,34352568,10.1016/j.intimp.2021.108017,,https://pubmed.ncbi.nlm.nih.gov/34352568/,imported_metadata_not_independently_verified
S0438,Immune mechanisms,TGFβ-Directed Therapeutics: 2020.,2021,32835827,10.1016/j.pharmthera.2020.107666,,https://pubmed.ncbi.nlm.nih.gov/32835827/,imported_metadata_not_independently_verified
S0439,Immune mechanisms,Anti-PD-L1/TGF-βR fusion protein (SHR-1701) overcomes disrupted lymphocyte recovery-induced resistance to PD-1/PD-L1 inhibitors in lung cancer.,2022,34981670,10.1002/cac2.12244,,https://pubmed.ncbi.nlm.nih.gov/34981670/,imported_metadata_not_independently_verified
S0440,Immune mechanisms,CD47/SIRPα axis: bridging innate and adaptive immunity.,2022,35831032,10.1136/jitc-2022-004589,,https://pubmed.ncbi.nlm.nih.gov/35831032/,imported_metadata_not_independently_verified
S0441,Immune mechanisms,Complement activation in cancer: Effects on tumor-associated myeloid cells and immunosuppression.,2022,35842274,10.1016/j.smim.2022.101642,,https://pubmed.ncbi.nlm.nih.gov/35842274/,imported_metadata_not_independently_verified
S0442,Immune mechanisms,"Ligufalimab, a novel anti-CD47 antibody with no hemagglutination demonstrates both monotherapy and combo antitumor activity.",2022,36450383,10.1136/jitc-2022-005517,,https://pubmed.ncbi.nlm.nih.gov/36450383/,imported_metadata_not_independently_verified
S0443,Immune mechanisms,"Preclinical and clinical studies of bintrafusp alfa, a novel bifunctional anti-PD-L1/TGFβRII agent: Current status.",2022,35473390,10.1177/15353702221089910,,https://pubmed.ncbi.nlm.nih.gov/35473390/,imported_metadata_not_independently_verified
S0444,Immune mechanisms,Temozolomide Treatment Alters Mismatch Repair and Boosts Mutational Burden in Tumor and Blood of Colorectal Cancer Patients.,2022,35522273,10.1158/2159-8290.CD-21-1434,,https://pubmed.ncbi.nlm.nih.gov/35522273/,imported_metadata_not_independently_verified
S0445,Immune mechanisms,Emerging phagocytosis checkpoints in cancer immunotherapy.,2023,36882399,10.1038/s41392-023-01365-z,,https://pubmed.ncbi.nlm.nih.gov/36882399/,imported_metadata_not_independently_verified
S0446,Immune mechanisms,Exploiting innate immunity for cancer immunotherapy.,2023,38008741,10.1186/s12943-023-01885-w,,https://pubmed.ncbi.nlm.nih.gov/38008741/,imported_metadata_not_independently_verified
S0447,Immune mechanisms,"First-in-human phase I/Ib study of QL1706 (PSB205), a bifunctional PD1/CTLA4 dual blocker, in patients with advanced solid tumors.",2023,37158938,10.1186/s13045-023-01445-1,,https://pubmed.ncbi.nlm.nih.gov/37158938/,imported_metadata_not_independently_verified
S0448,Immune mechanisms,Perioperative immune checkpoint inhibition for colorectal cancer: recent advances and future directions.,2023,38022667,10.3389/fimmu.2023.1269341,,https://pubmed.ncbi.nlm.nih.gov/38022667/,imported_metadata_not_independently_verified
S0449,Immune mechanisms,Targeting m 6 A reader YTHDF1 augments antitumour immunity and boosts anti-PD-1 efficacy in colorectal cancer.,2023,36717220,10.1136/gutjnl-2022-328845,,https://pubmed.ncbi.nlm.nih.gov/36717220/,imported_metadata_not_independently_verified
S0450,Immune mechanisms,A Comparative Study of Methyl-BEAMing and Droplet Digital PCR for  MGMT  Gene Promoter Hypermethylation Detection.,2024,39594133,10.3390/diagnostics14222467,,https://pubmed.ncbi.nlm.nih.gov/39594133/,imported_metadata_not_independently_verified
S0451,Immune mechanisms,Agonists and Inhibitors of the cGAS-STING Pathway.,2024,38999073,10.3390/molecules29133121,,https://pubmed.ncbi.nlm.nih.gov/38999073/,imported_metadata_not_independently_verified
S0452,Immune mechanisms,Bispecific dendritic-T cell engager potentiates anti-tumor immunity.,2024,38242085,10.1016/j.cell.2023.12.011,,https://pubmed.ncbi.nlm.nih.gov/38242085/,imported_metadata_not_independently_verified
S0453,Immune mechanisms,C3 +  cancer-associated fibroblasts promote tumor growth and therapeutic resistance in gastric cancer via activation of the NF-κB signaling pathway.,2024,39707456,10.1186/s12967-024-05939-5,,https://pubmed.ncbi.nlm.nih.gov/39707456/,imported_metadata_not_independently_verified
S0454,Immune mechanisms,"Characterizing soluble immune checkpoint molecules and TGF-β 1,2,3  in pleural effusion of malignant pleural mesothelioma.",2024,38987362,10.1038/s41598-024-66189-5,,https://pubmed.ncbi.nlm.nih.gov/38987362/,imported_metadata_not_independently_verified
S0455,Immune mechanisms,Fusobacterium nucleatum facilitates anti-PD-1 therapy in microsatellite stable colorectal cancer.,2024,39303724,10.1016/j.ccell.2024.08.019,,https://pubmed.ncbi.nlm.nih.gov/39303724/,imported_metadata_not_independently_verified
S0456,Immune mechanisms,Necroptosis enhances 'don't eat me' signal and induces macrophage extracellular traps to promote pancreatic cancer liver metastasis.,2024,39025845,10.1038/s41467-024-50450-6,,https://pubmed.ncbi.nlm.nih.gov/39025845/,imported_metadata_not_independently_verified
S0457,Immune mechanisms,"Phase 1a dose escalation study of ivonescimab (AK112/SMT112), an anti-PD-1/VEGF-A bispecific antibody, in patients with advanced solid tumors.",2024,38642937,10.1136/jitc-2023-008037,,https://pubmed.ncbi.nlm.nih.gov/38642937/,imported_metadata_not_independently_verified
S0458,Immune mechanisms,Plasma versus Tissue Tumor Mutational Burden as Biomarkers of Durvalumab plus Tremelimumab Response in Patients with Metastatic Colorectal Cancer in the CO.26 Trial.,2024,38727700,10.1158/1078-0432.CCR-24-0268,,https://pubmed.ncbi.nlm.nih.gov/38727700/,imported_metadata_not_independently_verified
S0459,Immune mechanisms,Single-cell characterization of differentiation trajectories and drug resistance features in gastric cancer with peritoneal metastasis.,2024,39422697,10.1002/ctm2.70054,,https://pubmed.ncbi.nlm.nih.gov/39422697/,imported_metadata_not_independently_verified
S0460,Immune mechanisms,The efficacy and safety of short-course radiotherapy followed by sequential chemotherapy and Cadonilimab for locally advanced rectal cancer: a protocol of a phase II study.,2024,38641773,10.1186/s12885-024-12254-1,,https://pubmed.ncbi.nlm.nih.gov/38641773/,imported_metadata_not_independently_verified
S0461,Immune mechanisms,Dual roles and therapeutic targeting of tumor-associated macrophages in tumor microenvironments.,2025,40850976,10.1038/s41392-025-02325-5,,https://pubmed.ncbi.nlm.nih.gov/40850976/,imported_metadata_not_independently_verified
S0462,Immune mechanisms,Generalizable AI predicts immunotherapy outcomes across cancers and treatments.,2025,40385399,10.1101/2025.05.01.25326820,,https://pubmed.ncbi.nlm.nih.gov/40385399/,imported_metadata_not_independently_verified
S0463,Immune mechanisms,Gut microbial metabolites in cancer immunomodulation.,2025,41339918,10.1186/s12943-025-02521-5,,https://pubmed.ncbi.nlm.nih.gov/41339918/,imported_metadata_not_independently_verified
S0464,Immune mechanisms,Immunotherapy in microsatellite-stable colorectal cancer: Strategies to overcome resistance.,2025,40409481,10.1016/j.critrevonc.2025.104775,,https://pubmed.ncbi.nlm.nih.gov/40409481/,imported_metadata_not_independently_verified
S0465,Immune mechanisms,Macrophages in tertiary lymphoid structures promote apoptosis of ATF4-positive gastric cancer cells via IL18.,2025,41444619,10.1186/s12967-025-07559-z,,https://pubmed.ncbi.nlm.nih.gov/41444619/,imported_metadata_not_independently_verified
S0466,Immune mechanisms,STING agonist-based ER-targeting molecules boost antigen cross-presentation.,2025,40140567,10.1038/s41586-025-08758-w,,https://pubmed.ncbi.nlm.nih.gov/40140567/,imported_metadata_not_independently_verified
S0467,Immune mechanisms,Targeting tumor monocyte-intrinsic PD-L1 by rewiring STING signaling and enhancing STING agonist therapy.,2025,40068600,10.1016/j.ccell.2025.02.014,,https://pubmed.ncbi.nlm.nih.gov/40068600/,imported_metadata_not_independently_verified
S0468,Immune mechanisms,Unlocking new horizons in oncology: ivonescimab's dual-target approach to anti-VEGF/PD-1(L1) therapy.,2025,41333457,10.3389/fimmu.2025.1599181,,https://pubmed.ncbi.nlm.nih.gov/41333457/,imported_metadata_not_independently_verified
S0469,Immune mechanisms,USP15 Facilitates Colorectal Cancer Immune Evasion through SMYD3/CCL2-Dependent Myeloid-Derived Suppressor Cell Recruitment.,2025,40323348,10.1158/2326-6066.CIR-24-1194,,https://pubmed.ncbi.nlm.nih.gov/40323348/,imported_metadata_not_independently_verified
S0470,Immune mechanisms,USP2 inhibition unleashes CD47-restrained phagocytosis and enhances anti-tumor immunity.,2025,40379682,10.1038/s41467-025-59621-5,,https://pubmed.ncbi.nlm.nih.gov/40379682/,imported_metadata_not_independently_verified
S0471,Immune mechanisms,VSIG4 Promotes Tumour-Associated Macrophage M2 Polarization and Immune Escape in Colorectal Cancer via Fatty Acid Oxidation Pathway.,2025,40405491,10.1002/ctm2.70340,,https://pubmed.ncbi.nlm.nih.gov/40405491/,imported_metadata_not_independently_verified
S0472,Immune mechanisms,WNT11 Promotes immune evasion and resistance to Anti-PD-1 therapy in liver metastasis.,2025,39920102,10.1038/s41467-025-56714-z,,https://pubmed.ncbi.nlm.nih.gov/39920102/,imported_metadata_not_independently_verified
S0473,Immune mechanisms,Breaking immune exclusion in cold tumors via TGF-β pathway inhibition.,2026,42494184,10.1080/14712598.2026.2709483,,https://pubmed.ncbi.nlm.nih.gov/42494184/,imported_metadata_not_independently_verified
S0474,Immune mechanisms,Clinical trials of bispecific antibody therapy for colorectal cancer: advanced and next steps.,2026,41756334,10.3389/fonc.2026.1758251,,https://pubmed.ncbi.nlm.nih.gov/41756334/,imported_metadata_not_independently_verified
S0475,Immune mechanisms,Immunotherapy in Colorectal Cancer: Novel Perspectives and Next Steps.,2026,42600143,10.1097/COC.0000000000001362,,https://pubmed.ncbi.nlm.nih.gov/42600143/,imported_metadata_not_independently_verified
S0476,Immune mechanisms,Interrogating the immune landscape of microsatellite stable RAS-mutated colon cancer.,2026,41733106,10.1002/1878-0261.70225,,https://pubmed.ncbi.nlm.nih.gov/41733106/,imported_metadata_not_independently_verified
S0477,Immune mechanisms,Ivonescimab combined with chemotherapy for the treatment of metastatic cervical cancer: A case report and literature review.,2026,42012232,10.1080/21645515.2026.2632451,,https://pubmed.ncbi.nlm.nih.gov/42012232/,imported_metadata_not_independently_verified
S0478,Immune mechanisms,Molecular Mechanisms of Resistance to Bispecific Antibodies in Diffuse Large B-Cell Lymphoma.,2026,42121895,10.3390/cells15090794,,https://pubmed.ncbi.nlm.nih.gov/42121895/,imported_metadata_not_independently_verified
S0479,Immune mechanisms,Neoadjuvant Botensilimab/Balstilimab for localized mismatch repair proficient and deficient colon cancer: Results of the NEST phase 2 clinical trial.,2026,42644724,10.1158/1078-0432.CCR-26-0998,,https://pubmed.ncbi.nlm.nih.gov/42644724/,imported_metadata_not_independently_verified
S0480,Immune mechanisms,Neoadjuvant mFOLFOXIRI with or without cadonilimab versus mFOLFOX6 in locally advanced colorectal cancer: A randomized phase 2 trial (OPTICAL-2).,2026,42134324,10.1016/j.medj.2026.101141,,https://pubmed.ncbi.nlm.nih.gov/42134324/,imported_metadata_not_independently_verified
S0481,Immune mechanisms,Reprogramming macrophage immunometabolism via glutamine antagonism potentiates colorectal cancer therapy in mice.,2026,42401559,10.1038/s41467-026-75208-0,,https://pubmed.ncbi.nlm.nih.gov/42401559/,imported_metadata_not_independently_verified
S0482,Immune mechanisms,The Evolving Landscape of Immune Regulation and Immunotherapy in Cholangiocarcinoma and Biliary Tract Cancer.,2026,42352533,10.3390/cancers18122001,,https://pubmed.ncbi.nlm.nih.gov/42352533/,imported_metadata_not_independently_verified
S0483,Immune mechanisms,Transcriptomic profiling identifies immunotherapy-responsive phenotypes in microsatellite-stable metastatic colorectal cancer.,2026,42298180,10.1038/s41388-026-03861-2,,https://pubmed.ncbi.nlm.nih.gov/42298180/,imported_metadata_not_independently_verified
S0484,Surgery and local treatment,Liver transplantation for colorectal liver metastasis.,2019,30839338,10.1097/MOT.0000000000000623,,https://pubmed.ncbi.nlm.nih.gov/30839338/,imported_metadata_not_independently_verified
S0485,Surgery and local treatment,"Pressurised intraperitoneal aerosol chemotherapy: rationale, evidence, and potential indications.",2019,31267971,10.1016/S1470-2045(19)30318-3,,https://pubmed.ncbi.nlm.nih.gov/31267971/,imported_metadata_not_independently_verified
S0486,Surgery and local treatment,The Dandelion Dilemma Revisited for Oligoprogression: Treat the Whole Lawn or Weed Selectively?,2019,31182289,10.1016/j.clon.2019.05.015,,https://pubmed.ncbi.nlm.nih.gov/31182289/,imported_metadata_not_independently_verified
S0487,Surgery and local treatment,Clinical outcomes of curative treatment for colorectal liver metastases combined with cytoreductive surgery and intraperitoneal chemotherapy for peritoneal metastases: a systematic review and meta-analysis of current evidence.,2020,32787474,10.1080/02656736.2020.1803424,,https://pubmed.ncbi.nlm.nih.gov/32787474/,imported_metadata_not_independently_verified
S0488,Surgery and local treatment,Conversion strategies with chemotherapy plus targeted agents for colorectal cancer liver-only metastases: A systematic review.,2020,33189037,10.1016/j.ejca.2020.09.037,,https://pubmed.ncbi.nlm.nih.gov/33189037/,imported_metadata_not_independently_verified
S0489,Surgery and local treatment,Liver transplantation for colorectal liver metastases: What do we need to know?,2020,32305529,10.1016/j.ijsu.2020.03.079,,https://pubmed.ncbi.nlm.nih.gov/32305529/,imported_metadata_not_independently_verified
S0490,Surgery and local treatment,Liver transplantation for non-resectable colorectal liver metastases: the International Hepato-Pancreato-Biliary Association consensus guidelines.,2021,34506756,10.1016/S2468-1253(21)00219-3,,https://pubmed.ncbi.nlm.nih.gov/34506756/,imported_metadata_not_independently_verified
S0491,Surgery and local treatment,Metastasectomy and BRAF mutation; an analysis of survival outcome in metastatic colorectal cancer.,2021,32826083,10.1016/j.currproblcancer.2020.100637,,https://pubmed.ncbi.nlm.nih.gov/32826083/,imported_metadata_not_independently_verified
S0492,Surgery and local treatment,Colorectal liver metastases: state-of-the-art management and surgical approaches.,2022,35397680,10.1007/s00423-022-02496-7,,https://pubmed.ncbi.nlm.nih.gov/35397680/,imported_metadata_not_independently_verified
S0493,Surgery and local treatment,EANM procedure guideline for the treatment of liver cancer and liver metastases with intra-arterial radioactive compounds.,2022,35146577,10.1007/s00259-021-05600-z,,https://pubmed.ncbi.nlm.nih.gov/35146577/,imported_metadata_not_independently_verified
S0494,Surgery and local treatment,Treatment Response After Pressurized IntraPeritoneal Aerosol Chemotherapy (PIPAC) for Peritoneal Metastases of Colorectal Originf.,2022,37600288,10.1097/AS9.0000000000000203,,https://pubmed.ncbi.nlm.nih.gov/37600288/,imported_metadata_not_independently_verified
S0495,Surgery and local treatment,Clinical outcomes of parenchymal-sparing versus anatomic resection for colorectal liver metastases: a systematic review and meta-analysis.,2023,37553574,10.1186/s12957-023-03127-1,,https://pubmed.ncbi.nlm.nih.gov/37553574/,imported_metadata_not_independently_verified
S0496,Surgery and local treatment,Influence of Extraperitoneal Metastases on the Curative-Intent Management of Colorectal Peritoneal Metastases.,2023,36864324,10.1245/s10434-023-13279-9,,https://pubmed.ncbi.nlm.nih.gov/36864324/,imported_metadata_not_independently_verified
S0497,Surgery and local treatment,"Long-Term Survival, Prognostic Factors, and Selection of Patients With Colorectal Cancer for Liver Transplant: A Nonrandomized Controlled Trial.",2023,37494056,10.1001/jamasurg.2023.2932,,https://pubmed.ncbi.nlm.nih.gov/37494056/,imported_metadata_not_independently_verified
S0498,Surgery and local treatment,Safety and Efficacy of Oxaliplatin Pressurized Intraperitoneal Aerosolized Chemotherapy (PIPAC) in Colorectal and Appendiceal Cancer with Peritoneal Metastases: Results of a Multicenter Phase I Trial in the USA.,2023,37501051,10.1245/s10434-023-13941-2,,https://pubmed.ncbi.nlm.nih.gov/37501051/,imported_metadata_not_independently_verified
S0499,Surgery and local treatment,Colorectal Cancer Recurrence Prediction Using a Tissue-Free Epigenomic Minimal Residual Disease Assay.,2024,39110016,10.1158/1078-0432.CCR-24-1651,,https://pubmed.ncbi.nlm.nih.gov/39110016/,imported_metadata_not_independently_verified
S0500,Surgery and local treatment,Oncologic Outcomes after Percutaneous Ablation for Colorectal Liver Metastases: An Updated Comprehensive Review.,2024,39336577,10.3390/medicina60091536,,https://pubmed.ncbi.nlm.nih.gov/39336577/,imported_metadata_not_independently_verified
S0501,Surgery and local treatment,"PIPAC in patients with peritoneal metastases from gastrointestinal tract (PIPOX01): An open label, non-comparative phase 1/2 dose escalation and expansion trial.",2024,38878757,10.1016/j.ejso.2024.108468,,https://pubmed.ncbi.nlm.nih.gov/38878757/,imported_metadata_not_independently_verified
S0502,Surgery and local treatment,Upfront resection versus no resection of the primary tumor in patients with synchronous metastatic colorectal cancer: the randomized phase III CAIRO4 study conducted by the Dutch Colorectal Cancer Group and the Danish Colorectal Cancer Group.,2024,38852675,10.1016/j.annonc.2024.06.001,,https://pubmed.ncbi.nlm.nih.gov/38852675/,imported_metadata_not_independently_verified
S0503,Surgery and local treatment,Advances in Bidirectional Therapy for Peritoneal Metastases: A Systematic Review of Pressurized Intraperitoneal Aerosol Chemotherapy (PIPAC) Combined with Systemic Chemotherapy.,2025,40805276,10.3390/cancers17152580,,https://pubmed.ncbi.nlm.nih.gov/40805276/,imported_metadata_not_independently_verified
S0504,Surgery and local treatment,Cell-Free DNA Based Next-Generation Sequencing Does Not Differentiate Between Oligoprogression and Systemic Progression in Non-Small Cell Lung Cancer Patients Treated with Immune Checkpoint Inhibitors-An Explorative Study.,2025,40869405,10.3390/ijms26168087,,https://pubmed.ncbi.nlm.nih.gov/40869405/,imported_metadata_not_independently_verified
S0505,Surgery and local treatment,First-Line Systemic Treatment for Initially Unresectable Colorectal Liver Metastases: Post Hoc Analysis of the CAIRO5 Randomized Clinical Trial.,2025,39570583,10.1001/jamaoncol.2024.5174,,https://pubmed.ncbi.nlm.nih.gov/39570583/,imported_metadata_not_independently_verified
S0506,Surgery and local treatment,Genomic and Clinical Predictors of Conversion in Initially Unresectable Colorectal Cancer Liver Metastases.,2025,40659890,10.1245/s10434-025-17809-5,,https://pubmed.ncbi.nlm.nih.gov/40659890/,imported_metadata_not_independently_verified
S0507,Surgery and local treatment,Histotripsy of Liver Metastases: Short-Term Safety and Imaging Findings.,2025,41016946,10.1007/s00270-025-04183-8,,https://pubmed.ncbi.nlm.nih.gov/41016946/,imported_metadata_not_independently_verified
S0508,Surgery and local treatment,Overall survival post secondary cytoreductive surgery and hyperthermic intraperitoneal chemotherapy for recurrent colorectal cancer with peritoneal metastases.,2025,40702489,10.1186/s12957-025-03923-x,,https://pubmed.ncbi.nlm.nih.gov/40702489/,imported_metadata_not_independently_verified
S0509,Surgery and local treatment,The first international experience with histotripsy: a safety analysis of 230 cases.,2025,39978577,10.1016/j.gassur.2025.102000,,https://pubmed.ncbi.nlm.nih.gov/39978577/,imported_metadata_not_independently_verified
S0510,Surgery and local treatment,The #HOPE4LIVER Single-arm Pivotal Trial for Histotripsy of Primary and Metastatic Liver Tumors: One-year Update of Clinical Outcomes.,2025,40201962,10.1097/SLA.0000000000006720,,https://pubmed.ncbi.nlm.nih.gov/40201962/,imported_metadata_not_independently_verified
S0511,Surgery and local treatment,Clinical outcomes of histotripsy for liver malignancies: a systematic review of early clinical evidence.,2026,42436069,10.1016/j.hpb.2026.06.015,,https://pubmed.ncbi.nlm.nih.gov/42436069/,imported_metadata_not_independently_verified
S0512,Surgery and local treatment,Consensus Guideline for the Management of Colorectal Cancer with Peritoneal Metastases.,2026,40560497,10.1245/s10434-025-17363-0,,https://pubmed.ncbi.nlm.nih.gov/40560497/,imported_metadata_not_independently_verified
S0513,Surgery and local treatment,Local ablative treatment and continuation of systemic therapy for oligoprogressive metastatic breast cancer: a retrospective cohort study.,2026,42430886,10.1016/j.ctarc.2026.101292,,https://pubmed.ncbi.nlm.nih.gov/42430886/,imported_metadata_not_independently_verified
S0514,Surgery and local treatment,Prospective analysis on the outcomes of histotripsy for primary and metastatic liver tumors.,2026,41217432,10.1097/JS9.0000000000003856,,https://pubmed.ncbi.nlm.nih.gov/41217432/,imported_metadata_not_independently_verified
S0515,Surgery and local treatment,Results from the Pan-European CIEMAR study: Local Tumour Control After Microwave Ablation of Colorectal Liver Metastases and Exploratory Associations with Ablation Margins and Confirmation Software.,2026,42701958,10.1007/s00270-026-04578-1,,https://pubmed.ncbi.nlm.nih.gov/42701958/,imported_metadata_not_independently_verified
S0516,Surgery and local treatment,Two-stage Hepatectomy Versus Liver Transplantation for Patients With Marginally Resectable Extensive Bilobar Colorectal Liver Metastases.,2026,40795061,10.1097/SLA.0000000000006904,,https://pubmed.ncbi.nlm.nih.gov/40795061/,imported_metadata_not_independently_verified
