feature,on_all_four_panels,x_braf,n_braf,pct_braf,x_ctrl,n_ctrl,pct_ctrl,prev_ratio,pr_lo,pr_hi,odds_ratio,p,q
KRAS_MUT,True,2,260,0.77,2547,5345,47.65,0.016,0.004,0.064,0.009,8.213244254290641e-67,6.110653725192237e-64
APC_MUT,True,81,260,31.15,4269,5345,79.87,0.39,0.325,0.468,0.114,1.2577202164121755e-60,4.678719205053293e-58
RNF43_MUT,True,58,260,22.31,128,5345,2.39,9.315,7.011,12.377,11.703,4.652471156839215e-34,1.1538128468961252e-31
TCF7L2_MUT,False,2,251,0.8,619,5193,11.92,0.067,0.017,0.266,0.059,3.3913156139492096e-11,6.30784704194553e-09
AKT1_MUT,True,15,260,5.77,41,5345,0.77,7.521,4.219,13.409,7.92,1.9471494501284906e-08,2.897358381791194e-06
BCL2L1_AMP,True,1,260,0.38,347,5345,6.49,0.059,0.008,0.42,0.056,1.165959886066887e-06,0.00014457902587229398
ASXL1_AMP,True,0,260,0.0,282,5345,5.28,,,,0.0,1.6281784953386304e-06,0.00017305211436170585
SRC_AMP,True,0,260,0.0,258,5345,4.83,,,,0.0,5.739672068223934e-06,0.00048370020663107027
DNMT3B_AMP,True,0,260,0.0,261,5345,4.88,,,,0.0,5.8512121769887535e-06,0.00048370020663107027
EPHA5_MUT,True,25,260,9.62,185,5345,3.46,2.778,1.865,4.139,2.967,1.080422592826476e-05,0.0008038344090628982
TGFBR2_MUT,True,15,260,5.77,75,5345,1.4,4.112,2.395,7.057,4.302,1.3206466958264845e-05,0.0008932374015408223
PAX5_AMP,True,5,260,1.92,4,5345,0.07,25.697,6.941,95.134,26.181,2.2347621614158393e-05,0.0013855525400778203
RNF43_HOMDEL_OR_DEEP,True,6,260,2.31,9,5345,0.17,13.705,4.915,38.216,14.005,3.3047956142033696e-05,0.0018913599515133132
BMPR1A_MUT,True,11,260,4.23,45,5345,0.84,5.025,2.63,9.601,5.203,4.010790501585397e-05,0.0020209803837277227
PGR_MUT,False,13,251,5.18,64,5193,1.23,4.203,2.347,7.526,4.377,4.0745572252575055e-05,0.0020209803837277227
TOP1_AMP,True,0,260,0.0,198,5345,3.7,,,,0.0,0.00010602692346867663,0.004930251941293463
FOXL2_MUT,True,6,260,2.31,13,5345,0.24,9.488,3.635,24.763,9.689,0.00015305840222672726,0.006698555956275593
MYC_AMP,True,28,260,10.77,271,5345,5.07,2.124,1.469,3.071,2.26,0.0003158314069400016,0.013054364820186732
NRAS_MUT,True,1,260,0.38,222,5345,4.15,0.093,0.013,0.658,0.089,0.00047929071146620865,0.01876801522793996
SMAD4_MUT,True,60,260,23.08,790,5345,14.78,1.561,1.239,1.967,1.73,0.0005226434770617998,0.019442337346698955
AMER1_MUT,True,3,260,1.15,300,5345,5.61,0.206,0.066,0.637,0.196,0.0006005397515729365,0.021276265484298323
MGA_MUT,False,15,251,5.98,120,5193,2.31,2.586,1.535,4.357,2.687,0.0012692942080903187,0.04286283830752723
NKX2-1_MUT,True,7,260,2.69,30,5345,0.56,4.797,2.127,10.818,4.902,0.001325060861657428,0.04286283830752723
ZNRF3_HOMDEL_OR_DEEP,False,3,92,3.26,3,2012,0.15,21.87,4.475,106.882,22.573,0.001470945254026265,0.04559930287481422
PTPRT_AMP,True,1,260,0.38,200,5345,3.74,0.103,0.014,0.73,0.099,0.0016053687966256112,0.0459258432503112
SOX9_MUT,True,11,260,4.23,526,5345,9.84,0.43,0.24,0.771,0.405,0.0016063801640580574,0.0459258432503112
INSR_AMP,True,4,260,1.54,8,5345,0.15,10.279,3.115,33.915,10.424,0.0016666636663419387,0.0459258432503112
CTNNB1_MUT,True,4,260,1.54,300,5345,5.61,0.274,0.103,0.729,0.263,0.001884973313955682,0.050086433770822406
PTPRD_MUT,True,13,260,5.0,103,5345,1.93,2.595,1.477,4.557,2.679,0.0025942846880322016,0.06655682096192958
CD274_AMP,True,3,260,1.15,4,5345,0.07,15.418,3.469,68.535,15.587,0.0030050450667938647,0.07452511765648784
CD274_MUT,True,4,260,1.54,10,5345,0.19,8.223,2.596,26.044,8.336,0.003131398008725005,0.07515355220940012
PTEN_MUT,True,19,260,7.31,186,5345,3.48,2.1,1.332,3.311,2.187,0.00342742475935243,0.079687625654944
ERBB2_AMP,True,1,260,0.38,169,5345,3.16,0.122,0.017,0.865,0.118,0.004746141002524467,0.10700390623873345
RTEL1_AMP,False,4,211,1.9,284,4512,6.29,0.301,0.113,0.8,0.288,0.004898383009308893,0.10718814585075931
NCOA3_AMP,False,2,251,0.8,201,5193,3.87,0.206,0.051,0.824,0.199,0.005977026890903443,0.12401248656905689
KMT2C_MUT,True,2,260,0.77,200,5345,3.74,0.206,0.051,0.823,0.199,0.0060006041888253335,0.12401248656905689
CARM1_MUT,False,4,211,1.9,14,4512,0.31,6.11,2.028,18.402,6.208,0.007226302937227797,0.14530728068371568
RECQL4_AMP,True,17,260,6.54,173,5345,3.24,2.02,1.247,3.272,2.091,0.007795087438304694,0.15261960668680769
IDH1_MUT,True,6,260,2.31,33,5345,0.62,3.738,1.58,8.841,3.802,0.008444165760731445,0.1610887006662614
AURKA_AMP,True,2,260,0.77,196,5345,3.67,0.21,0.052,0.84,0.204,0.008711188635976141,0.16202810862915623
CDKN2B_HOMDEL_OR_DEEP,True,8,260,3.08,57,5345,1.07,2.885,1.391,5.984,2.945,0.00979056863675251,0.17766300160350895
AKT2_AMP,True,6,260,2.31,35,5345,0.65,3.524,1.496,8.304,3.584,0.01077351537286306,0.18963910399248365
NOTCH3_MUT,True,15,260,5.77,145,5345,2.71,2.127,1.268,3.566,2.196,0.011030544220600624,0.18963910399248365
DIS3_AMP,True,9,260,3.46,71,5345,1.33,2.606,1.317,5.155,2.663,0.011215215827512474,0.18963910399248365
CDKN2A_HOMDEL_OR_DEEP,True,8,260,3.08,59,5345,1.1,2.787,1.346,5.772,2.844,0.011686495673212163,0.19321672846377444
RAB35_MUT,False,3,251,1.2,8,5193,0.15,7.758,2.071,29.068,7.84,0.012131206829628018,0.19620908437485318
MAX_MUT,True,4,260,1.54,17,5345,0.32,4.837,1.639,14.273,4.897,0.014501271079866008,0.2247697017379231
SOX2_MUT,True,4,260,1.54,17,5345,0.32,4.837,1.639,14.273,4.897,0.014501271079866008,0.2247697017379231
GATA2_MUT,True,5,260,1.92,27,5345,0.51,3.807,1.478,9.805,3.862,0.014883866929006881,0.22599177541185958
ETV6_MUT,True,6,260,2.31,39,5345,0.73,3.163,1.351,7.403,3.214,0.016733922041019686,0.2490007599703729
PTPRS_MUT,True,21,260,8.08,251,5345,4.7,1.72,1.122,2.637,1.783,0.01783653471299441,0.25948967307729554
HNF1A_MUT,True,5,260,1.92,29,5345,0.54,3.544,1.383,9.082,3.594,0.0190808221070312,0.25948967307729554
TCF7L2_AMP,False,2,251,0.8,3,5193,0.06,13.793,2.315,82.178,13.896,0.019304209928813175,0.25948967307729554
AKT1_AMP,True,2,260,0.77,3,5345,0.06,13.705,2.3,81.668,13.804,0.019531480769258803,0.25948967307729554
MAP3K13_AMP,True,2,260,0.77,3,5345,0.06,13.705,2.3,81.668,13.804,0.019531480769258803,0.25948967307729554
PTPRD_HOMDEL_OR_DEEP,True,2,260,0.77,3,5345,0.06,13.705,2.3,81.668,13.804,0.019531480769258803,0.25948967307729554
SDHA_AMP,True,4,260,1.54,20,5345,0.37,4.112,1.416,11.942,4.16,0.0230973768332642,0.3014815502447117
TSHR_MUT,True,7,260,2.69,55,5345,1.03,2.616,1.203,5.688,2.661,0.02370618393927994,0.30409311811765993
AGO2_AMP,False,13,211,6.16,141,4512,3.12,1.972,1.136,3.421,2.035,0.025950596994593136,0.3220341951137927
PDCD1LG2_AMP,False,2,211,0.95,4,4512,0.09,10.692,1.969,58.048,10.785,0.02645435391636232,0.3220341951137927
MSI1_MUT,False,4,211,1.9,22,4512,0.49,3.888,1.352,11.182,3.944,0.026725914981675366,0.3220341951137927
ARID2_MUT,True,11,260,4.23,111,5345,2.08,2.037,1.11,3.738,2.083,0.028255906702499275,0.3220341951137927
HRAS_AMP,True,2,260,0.77,4,5345,0.07,10.279,1.891,55.864,10.351,0.028408256814928465,0.3220341951137927
JAK2_AMP,True,2,260,0.77,4,5345,0.07,10.279,1.891,55.864,10.351,0.028408256814928465,0.3220341951137927
RPS6KB2_AMP,True,2,260,0.77,4,5345,0.07,10.279,1.891,55.864,10.351,0.028408256814928465,0.3220341951137927
SOX17_MUT,True,10,260,3.85,94,5345,1.76,2.187,1.153,4.147,2.234,0.028567549566546127,0.3220341951137927
IL7R_AMP,True,3,260,1.15,12,5345,0.22,5.139,1.459,18.101,5.188,0.029667928414644728,0.3294468468730698
YES1_MUT,True,4,260,1.54,22,5345,0.41,3.738,1.297,10.768,3.781,0.030237201233166363,0.3308305546687614
FOXO1_AMP,False,7,251,2.79,59,5193,1.14,2.455,1.133,5.319,2.496,0.031209022688682087,0.33651467942578944
ERBB2_MUT,True,2,260,0.77,156,5345,2.92,0.264,0.066,1.057,0.258,0.034138738432846844,0.3628460199148293
CYSLTR2_AMP,False,5,211,2.37,37,4512,0.82,2.89,1.147,7.277,2.936,0.037646384073277014,0.3906239232804472
EIF4A2_MUT,False,4,251,1.59,24,5193,0.46,3.448,1.206,9.863,3.488,0.037802315156172314,0.3906239232804472
CTR9_MUT,False,4,92,4.35,26,2012,1.29,3.365,1.199,9.441,3.472,0.03926486639816939,0.4001789123320278
CYP19A1_MUT,False,2,92,2.17,6,2012,0.3,7.29,1.492,35.627,7.43,0.04459465539461,0.44330514669235055
CDK12_AMP,True,1,260,0.38,119,5345,2.23,0.173,0.024,1.232,0.17,0.044688018819793396,0.44330514669235055
FOXO1_MUT,False,4,251,1.59,26,5193,0.5,3.183,1.119,9.051,3.218,0.04712571441868815,0.4516040724731789
PTPRT_MUT,True,24,260,9.23,324,5345,6.06,1.523,1.025,2.262,1.576,0.0472508427311496,0.4516040724731789
CTLA4_MUT,True,3,260,1.15,15,5345,0.28,4.112,1.198,14.114,4.148,0.04805835068618391,0.4516040724731789
NKX3-1_HOMDEL_OR_DEEP,True,3,260,1.15,184,5345,3.44,0.335,0.108,1.042,0.327,0.048921823047195716,0.4516040724731789
FOXP1_MUT,True,0,260,0.0,73,5345,1.37,,,,0.0,0.04948596202009244,0.4516040724731789
PRKN_HOMDEL_OR_DEEP,True,0,260,0.0,75,5345,1.4,,,,0.0,0.04972339142293447,0.4516040724731789
GNAS_MUT,True,9,260,3.46,91,5345,1.7,2.033,1.037,3.987,2.07,0.04977356712742025,0.4516040724731789
PTEN_HOMDEL_OR_DEEP,True,8,260,3.08,73,5345,1.37,2.253,1.097,4.625,2.293,0.05391138272868067,0.4832538403631135
SMAD4_HOMDEL_OR_DEEP,True,15,260,5.77,182,5345,3.41,1.694,1.016,2.826,1.737,0.05524820184013591,0.4893412162983466
EPHA7_MUT,False,11,251,4.38,123,5193,2.37,1.85,1.012,3.384,1.889,0.05681667019576338,0.4973129720664465
CCNE1_AMP,True,4,260,1.54,28,5345,0.52,2.937,1.038,8.311,2.967,0.05868642474778428,0.5018701150845001
MYC_MUT,True,4,260,1.54,28,5345,0.52,2.937,1.038,8.311,2.967,0.05868642474778428,0.5018701150845001
IFNGR1_AMP,True,2,260,0.77,7,5345,0.13,5.874,1.226,28.135,5.911,0.06220622826470866,0.5197921070447934
TNFAIP3_AMP,True,2,260,0.77,7,5345,0.13,5.874,1.226,28.135,5.911,0.06220622826470866,0.5197921070447934
ELF3_MUT,False,1,211,0.47,111,4512,2.46,0.193,0.027,1.373,0.189,0.06287807746509598,0.5197921070447934
IGF1_MUT,True,4,260,1.54,29,5345,0.54,2.836,1.004,8.006,2.864,0.06445062529418033,0.5226295540170639
ERF_MUT,False,3,211,1.42,18,4512,0.4,3.564,1.058,12.005,3.601,0.06462623517415307,0.5226295540170639
ERCC5_AMP,True,6,260,2.31,56,5345,1.05,2.203,0.958,5.065,2.231,0.0661857932468155,0.529486345974524
ERBB3_MUT,True,3,260,1.15,176,5345,3.29,0.35,0.113,1.09,0.343,0.06729468666799464,0.5326302859679576
ZNRF3_MUT,False,3,92,3.26,19,2012,0.94,3.453,1.04,11.46,3.536,0.06828816374208765,0.5348041455169812
PREX2_MUT,False,14,211,6.64,176,4512,3.9,1.701,1.005,2.88,1.751,0.06911567105473652,0.5356464506742081
FBXW7_HOMDEL_OR_DEEP,True,2,260,0.77,8,5345,0.15,5.139,1.097,24.082,5.172,0.07543604167915956,0.5769705501124934
AR_MUT,True,12,260,4.62,142,5345,2.66,1.737,0.977,3.09,1.773,0.07599880902019403,0.5769705501124934
INHA_MUT,False,3,251,1.2,19,5193,0.37,3.267,0.973,10.967,3.294,0.07814819890136158,0.5805524942720619
VEGFA_AMP,False,5,251,1.99,45,5193,0.87,2.299,0.92,5.741,2.325,0.07871996903317535,0.5805524942720619
RARA_AMP,True,0,260,0.0,71,5345,1.33,,,,0.0,0.078811561722417,0.5805524942720619
PALB2_MUT,True,5,260,1.92,45,5345,0.84,2.284,0.914,5.706,2.309,0.08036267657357464,0.5861748173601915
ARID1A_MUT,True,9,260,3.46,327,5345,6.12,0.566,0.295,1.084,0.55,0.0818210635898835,0.5910181680667314
KDR_MUT,True,12,260,4.62,148,5345,2.77,1.667,0.938,2.962,1.699,0.08540237431020535,0.6109554469883921
KMT2A_MUT,True,10,260,3.85,118,5345,2.21,1.742,0.925,3.282,1.772,0.08824277106670222,0.6162661443264396
NEGR1_MUT,False,4,251,1.59,33,5193,0.64,2.508,0.895,7.024,2.532,0.08874940657818892,0.6162661443264396
ETV1_AMP,True,2,260,0.77,9,5345,0.17,4.568,0.992,21.037,4.596,0.08945798869254767,0.6162661443264396
SMAD2_AMP,True,2,260,0.77,9,5345,0.17,4.568,0.992,21.037,4.596,0.08945798869254767,0.6162661443264396
MITF_MUT,True,5,260,1.92,47,5345,0.88,2.187,0.877,5.452,2.21,0.09163405154362445,0.6197794031677871
RB1_AMP,True,5,260,1.92,47,5345,0.88,2.187,0.877,5.452,2.21,0.09163405154362445,0.6197794031677871
RBM10_MUT,True,2,260,0.77,131,5345,2.45,0.314,0.078,1.261,0.309,0.09293509186409413,0.6229162914133877
KLF5_AMP,False,5,92,5.43,51,2012,2.53,2.144,0.877,5.244,2.21,0.09477969972890293,0.629608005341998
CASP8_MUT,True,5,260,1.92,48,5345,0.9,2.141,0.86,5.334,2.164,0.09756000438271535,0.6423419757587631
IRS2_AMP,True,9,260,3.46,100,5345,1.87,1.85,0.946,3.618,1.881,0.09956205018480821,0.6497733801534852
ATR_MUT,True,9,260,3.46,101,5345,1.89,1.832,0.937,3.581,1.862,0.10126932168098812,0.6512860709759527
MAPK3_MUT,False,2,251,0.8,10,5193,0.19,4.138,0.911,18.786,4.163,0.10309556992240856,0.6512860709759527
RIT1_MUT,True,2,260,0.77,10,5345,0.19,4.112,0.905,18.67,4.136,0.10417075597599243,0.6512860709759527
TGFBR2_HOMDEL_OR_DEEP,True,2,260,0.77,10,5345,0.19,4.112,0.905,18.67,4.136,0.10417075597599243,0.6512860709759527
TNFRSF14_MUT,True,2,260,0.77,10,5345,0.19,4.112,0.905,18.67,4.136,0.10417075597599243,0.6512860709759527
MEF2B_MUT,True,3,260,1.15,22,5345,0.41,2.803,0.844,9.306,2.824,0.1071655717608982,0.6527482035978217
CSF3R_MUT,False,5,251,1.99,50,5193,0.96,2.069,0.832,5.143,2.091,0.10784820075029933,0.6527482035978217
MTAP_HOMDEL_OR_DEEP,False,2,92,2.17,11,2012,0.55,3.976,0.894,17.68,4.042,0.10791401753028505,0.6527482035978217
NADK_MUT,False,2,92,2.17,11,2012,0.55,3.976,0.894,17.68,4.042,0.10791401753028505,0.6527482035978217
BCOR_MUT,True,9,260,3.46,105,5345,1.96,1.762,0.902,3.441,1.789,0.10950125008910525,0.6570075005346315
ALOX12B_MUT,True,4,260,1.54,37,5345,0.69,2.222,0.798,6.188,2.242,0.12035791821791153,0.7115565449353015
TP53_MUT,True,215,260,82.69,4199,5345,78.56,1.053,0.994,1.115,1.304,0.12050554390033333,0.7115565449353015
RICTOR_MUT,True,6,260,2.31,59,5345,1.1,2.091,0.911,4.797,2.116,0.12425201931533959,0.7279015934693911
KMT2B_AMP,False,2,211,0.95,12,4512,0.27,3.564,0.803,15.823,3.589,0.1271510602605056,0.731375945150914
MET_AMP,True,3,260,1.15,24,5345,0.45,2.57,0.779,8.479,2.588,0.12756927273983684,0.731375945150914
IKBKE_MUT,True,4,260,1.54,38,5345,0.71,2.164,0.778,6.018,2.182,0.12846835282105903,0.731375945150914
FANCA_MUT,True,6,260,2.31,61,5345,1.14,2.022,0.882,4.634,2.046,0.1297602483332267,0.731375945150914
RECQL4_MUT,True,6,260,2.31,61,5345,1.14,2.022,0.882,4.634,2.046,0.1297602483332267,0.731375945150914
PNRC1_MUT,True,2,260,0.77,12,5345,0.22,3.426,0.771,15.23,3.445,0.13530117244519824,0.7564052633416933
CCND3_AMP,True,4,260,1.54,39,5345,0.73,2.108,0.759,5.856,2.126,0.13680072840751636,0.7564052633416933
PGBD5_MUT,False,2,92,2.17,13,2012,0.65,3.365,0.771,14.692,3.417,0.1374146841215139,0.7564052633416933
RAD21_AMP,False,6,251,2.39,64,5193,1.23,1.94,0.848,4.436,1.963,0.13826762878289017,0.7564052633416933
RECQL_MUT,False,3,211,1.42,27,4512,0.6,2.376,0.727,7.77,2.396,0.14808345960071254,0.7940494079121352
TAP2_MUT,False,3,211,1.42,27,4512,0.6,2.376,0.727,7.77,2.396,0.14808345960071254,0.7940494079121352
KEAP1_MUT,True,3,260,1.15,26,5345,0.49,2.372,0.723,7.786,2.388,0.14922716917873063,0.7940494079121352
ARID1A_HOMDEL_OR_DEEP,True,2,260,0.77,13,5345,0.24,3.163,0.717,13.943,3.179,0.15155244075742366,0.7940494079121352
CD276_MUT,True,2,260,0.77,13,5345,0.24,3.163,0.717,13.943,3.179,0.15155244075742366,0.7940494079121352
YAP1_MUT,True,2,260,0.77,13,5345,0.24,3.163,0.717,13.943,3.179,0.15155244075742366,0.7940494079121352
RRAGC_AMP,False,2,211,0.95,14,4512,0.31,3.055,0.699,13.355,3.075,0.1583752110512975,0.8239941050501073
DUSP4_HOMDEL_OR_DEEP,False,3,211,1.42,152,4512,3.37,0.422,0.136,1.312,0.414,0.16248292164209271,0.8394950951508124
TGFBR1_MUT,True,6,260,2.31,70,5345,1.31,1.762,0.773,4.019,1.78,0.16602265015941817,0.8518679428869457
EPHB1_MUT,True,11,260,4.23,146,5345,2.73,1.549,0.85,2.822,1.573,0.17274108865929005,0.8802696572774781
JAK2_MUT,True,0,260,0.0,52,5345,0.97,,,,0.0,0.17525583890893237,0.8870091438656168
PTCH1_MUT,True,6,260,2.31,73,5345,1.37,1.69,0.742,3.848,1.706,0.18178568673127254,0.9138415603247755
SUZ12_MUT,True,3,260,1.15,29,5345,0.54,2.127,0.652,6.936,2.14,0.1836821042987569,0.9171777556931217
POLE_MUT,True,9,260,3.46,115,5345,2.15,1.609,0.826,3.134,1.631,0.18804352807841526,0.9200442081380296
EGFR_AMP,True,1,260,0.38,86,5345,1.61,0.239,0.033,1.71,0.236,0.19010368896072904,0.9200442081380296
PPP4R2_MUT,False,2,211,0.95,16,4512,0.35,2.673,0.619,11.55,2.689,0.1908239845528736,0.9200442081380296
BRIP1_MUT,True,5,260,1.92,53,5345,0.99,1.939,0.782,4.811,1.958,0.19266071353152275,0.9200442081380296
BTK_MUT,True,3,260,1.15,30,5345,0.56,2.056,0.632,6.692,2.068,0.19560525219939381,0.9200442081380296
TSC2_MUT,True,7,260,2.69,83,5345,1.55,1.734,0.81,3.712,1.754,0.19626408623497202,0.9200442081380296
CEBPA_AMP,False,2,251,0.8,16,5193,0.31,2.586,0.598,11.186,2.599,0.20031083498711433,0.9200442081380296
CARD11_AMP,True,2,260,0.77,16,5345,0.3,2.57,0.594,11.117,2.582,0.2021838062034612,0.9200442081380296
DROSHA_AMP,False,1,211,0.47,4,4512,0.09,5.346,0.6,47.624,5.367,0.2043671646941462,0.9200442081380296
BAP1_MUT,True,3,260,1.15,31,5345,0.58,1.989,0.612,6.465,2.001,0.20771221863295494,0.9200442081380296
CDKN1B_MUT,True,3,260,1.15,31,5345,0.58,1.989,0.612,6.465,2.001,0.20771221863295494,0.9200442081380296
EPHA7_HOMDEL_OR_DEEP,False,1,251,0.4,4,5193,0.08,5.172,0.58,46.109,5.189,0.210299432855859,0.9200442081380296
H3C4_AMP,False,1,251,0.4,4,5193,0.08,5.172,0.58,46.109,5.189,0.210299432855859,0.9200442081380296
H3C6_AMP,False,1,251,0.4,4,5193,0.08,5.172,0.58,46.109,5.189,0.210299432855859,0.9200442081380296
H3C7_AMP,False,1,251,0.4,4,5193,0.08,5.172,0.58,46.109,5.189,0.210299432855859,0.9200442081380296
H3C8_AMP,False,1,251,0.4,4,5193,0.08,5.172,0.58,46.109,5.189,0.210299432855859,0.9200442081380296
ICOSLG_HOMDEL_OR_DEEP,True,1,260,0.38,4,5345,0.07,5.139,0.576,45.821,5.155,0.2114617736446278,0.9200442081380296
MAP3K1_HOMDEL_OR_DEEP,True,1,260,0.38,4,5345,0.07,5.139,0.576,45.821,5.155,0.2114617736446278,0.9200442081380296
PIK3C3_AMP,True,1,260,0.38,4,5345,0.07,5.139,0.576,45.821,5.155,0.2114617736446278,0.9200442081380296
RB1_HOMDEL_OR_DEEP,True,1,260,0.38,4,5345,0.07,5.139,0.576,45.821,5.155,0.2114617736446278,0.9200442081380296
TSC2_HOMDEL_OR_DEEP,True,1,260,0.38,4,5345,0.07,5.139,0.576,45.821,5.155,0.2114617736446278,0.9200442081380296
U2AF1_HOMDEL_OR_DEEP,True,1,260,0.38,4,5345,0.07,5.139,0.576,45.821,5.155,0.2114617736446278,0.9200442081380296
GNAS_AMP,True,7,260,2.69,238,5345,4.45,0.605,0.288,1.269,0.594,0.21325948989784485,0.922471281883701
ASXL1_MUT,True,3,260,1.15,134,5345,2.51,0.46,0.148,1.435,0.454,0.21612111445342896,0.9270150018360681
ATXN7_MUT,False,2,92,2.17,18,2012,0.89,2.43,0.572,10.317,2.462,0.21680189559069335,0.9270150018360681
RAD52_MUT,True,2,260,0.77,17,5345,0.32,2.419,0.562,10.413,2.43,0.21947888305944108,0.933098794264138
B2M_MUT,True,5,260,1.92,60,5345,1.12,1.713,0.694,4.23,1.727,0.2270350182447899,0.9597389407620663
KMT2D_MUT,True,13,260,5.0,189,5345,3.54,1.414,0.817,2.446,1.436,0.22943009777567216,0.9643841398028253
PARP1_MUT,True,3,260,1.15,33,5345,0.62,1.869,0.577,6.054,1.879,0.2323958660547643,0.9713624963187901
GRIN2A_MUT,True,13,260,5.0,193,5345,3.61,1.385,0.801,2.394,1.405,0.23628875933555174,0.9791520024805901
RICTOR_AMP,True,2,260,0.77,18,5345,0.34,2.284,0.533,9.792,2.294,0.23689161350336854,0.9791520024805901
TSC1_MUT,True,5,260,1.92,62,5345,1.16,1.658,0.672,4.089,1.671,0.23912696381735088,0.9829307241994976
LATS1_MUT,True,5,260,1.92,63,5345,1.18,1.632,0.662,4.021,1.644,0.2454966827738343,0.9956286838042375
RAD50_MUT,True,5,260,1.92,63,5345,1.18,1.632,0.662,4.021,1.644,0.2454966827738343,0.9956286838042375
EIF1AX_HOMDEL_OR_DEEP,True,1,260,0.38,5,5345,0.09,4.112,0.482,35.067,4.124,0.2480724770121117,0.9956286838042375
MRE11_AMP,True,1,260,0.38,5,5345,0.09,4.112,0.482,35.067,4.124,0.2480724770121117,0.9956286838042375
FBXW7_MUT,True,26,260,10.0,676,5345,12.65,0.791,0.545,1.146,0.767,0.24890717095105938,0.9956286838042375
COP1_MUT,True,3,260,1.15,35,5345,0.65,1.762,0.546,5.692,1.771,0.257574661613084,1.0
FYN_MUT,False,0,251,0.0,39,5193,0.75,,,,0.0,0.26070105672753674,1.0
EZH2_MUT,True,0,260,0.0,42,5345,0.79,,,,0.0,0.2634784399865378,1.0
ZFHX3_MUT,False,11,251,4.38,162,5193,3.12,1.405,0.773,2.553,1.423,0.26570958834460917,1.0
TCF3_MUT,False,0,251,0.0,44,5193,0.85,,,,0.0,0.2673090035817159,1.0
GNB1_MUT,False,1,92,1.09,6,2012,0.3,3.645,0.443,29.965,3.674,0.2690678556598893,1.0
H3C3_MUT,False,2,251,0.8,20,5193,0.39,2.069,0.486,8.803,2.078,0.26954564363460765,1.0
STAT5B_MUT,False,2,251,0.8,20,5193,0.39,2.069,0.486,8.803,2.078,0.26954564363460765,1.0
IGF2_AMP,True,2,260,0.77,20,5345,0.37,2.056,0.483,8.749,2.064,0.27188253921594246,1.0
SESN3_AMP,False,1,211,0.47,6,4512,0.13,3.564,0.431,29.471,3.576,0.27394815967297187,1.0
PRKCI_MUT,False,2,211,0.95,21,4512,0.47,2.037,0.481,8.629,2.046,0.2745209513828733,1.0
RTEL1_MUT,False,4,211,1.9,45,4512,1.0,1.901,0.69,5.236,1.918,0.2791814198494444,1.0
ID3_HOMDEL_OR_DEEP,False,1,251,0.4,6,5193,0.12,3.448,0.417,28.534,3.458,0.28151053720822966,1.0
VEGFA_MUT,False,1,251,0.4,6,5193,0.12,3.448,0.417,28.534,3.458,0.28151053720822966,1.0
AXIN1_HOMDEL_OR_DEEP,True,1,260,0.38,6,5345,0.11,3.426,0.414,28.356,3.436,0.28298963292594603,1.0
INPP4B_AMP,True,1,260,0.38,6,5345,0.11,3.426,0.414,28.356,3.436,0.28298963292594603,1.0
NRAS_AMP,True,1,260,0.38,6,5345,0.11,3.426,0.414,28.356,3.436,0.28298963292594603,1.0
PIM1_AMP,True,1,260,0.38,6,5345,0.11,3.426,0.414,28.356,3.436,0.28298963292594603,1.0
NSD1_MUT,True,6,260,2.31,78,5345,1.46,1.581,0.696,3.594,1.595,0.2859496548419393,1.0
MST1R_MUT,False,4,251,1.59,45,5193,0.87,1.839,0.667,5.073,1.853,0.28602603418800326,1.0
JAK1_MUT,True,4,260,1.54,45,5345,0.84,1.827,0.662,5.042,1.84,0.28747371616311945,1.0
ARID1B_MUT,True,9,260,3.46,125,5345,2.34,1.48,0.761,2.878,1.497,0.292510481778329,1.0
CDH1_MUT,True,4,260,1.54,47,5345,0.88,1.75,0.635,4.819,1.761,0.2980170740972695,1.0
PRKCI_AMP,False,1,211,0.47,7,4512,0.16,3.055,0.378,24.717,3.065,0.3064326673711311,1.0
SESN2_HOMDEL_OR_DEEP,False,1,211,0.47,7,4512,0.16,3.055,0.378,24.717,3.065,0.3064326673711311,1.0
MYCN_MUT,True,2,260,0.77,22,5345,0.41,1.869,0.442,7.905,1.876,0.3068215287582695,1.0
U2AF1_MUT,True,2,260,0.77,22,5345,0.41,1.869,0.442,7.905,1.876,0.3068215287582695,1.0
ARID5B_MUT,True,4,260,1.54,49,5345,0.92,1.678,0.61,4.615,1.689,0.3098922823585555,1.0
DNAJB1_AMP,False,1,251,0.4,7,5193,0.13,2.956,0.365,23.932,2.963,0.3146797215288652,1.0
ZRSR2_HOMDEL_OR_DEEP,False,1,251,0.4,7,5193,0.13,2.956,0.365,23.932,2.963,0.3146797215288652,1.0
ARHGAP35_MUT,False,2,92,2.17,24,2012,1.19,1.822,0.437,7.595,1.841,0.3157382374004493,1.0
MAP2K4_HOMDEL_OR_DEEP,True,4,260,1.54,50,5345,0.94,1.645,0.599,4.519,1.655,0.3162804683667593,1.0
BMPR1A_HOMDEL_OR_DEEP,True,1,260,0.38,7,5345,0.13,2.937,0.363,23.783,2.944,0.31629129341696693,1.0
EIF1AX_MUT,True,1,260,0.38,7,5345,0.13,2.937,0.363,23.783,2.944,0.31629129341696693,1.0
PIK3CA_AMP,True,1,260,0.38,7,5345,0.13,2.937,0.363,23.783,2.944,0.31629129341696693,1.0
RUNX1_HOMDEL_OR_DEEP,True,1,260,0.38,7,5345,0.13,2.937,0.363,23.783,2.944,0.31629129341696693,1.0
SOCS1_AMP,True,1,260,0.38,7,5345,0.13,2.937,0.363,23.783,2.944,0.31629129341696693,1.0
CREBBP_MUT,True,9,260,3.46,136,5345,2.54,1.36,0.701,2.64,1.373,0.31896832801067687,1.0
PIK3CB_MUT,True,4,260,1.54,51,5345,0.95,1.612,0.587,4.427,1.622,0.3229439499723549,1.0
RARA_MUT,True,2,260,0.77,23,5345,0.43,1.788,0.424,7.542,1.794,0.32418291632369023,1.0
TAP1_MUT,False,2,211,0.95,24,4512,0.53,1.782,0.424,7.49,1.789,0.3248553598152832,1.0
LATS2_MUT,True,2,260,0.77,92,5345,1.72,0.447,0.111,1.804,0.443,0.3256953323522503,1.0
MAP2K4_MUT,True,2,260,0.77,96,5345,1.8,0.428,0.106,1.728,0.424,0.3280753473903671,1.0
MTOR_MUT,True,10,260,3.85,148,5345,2.77,1.389,0.741,2.603,1.405,0.332364688290751,1.0
NSD3_MUT,False,4,211,1.9,55,4512,1.22,1.555,0.569,4.251,1.566,0.3356494480862719,1.0
NSD2_HOMDEL_OR_DEEP,False,1,211,0.47,8,4512,0.18,2.673,0.336,21.274,2.681,0.33747035712371154,1.0
PDCD1LG2_MUT,False,1,211,0.47,8,4512,0.18,2.673,0.336,21.274,2.681,0.33747035712371154,1.0
RAC2_HOMDEL_OR_DEEP,False,1,211,0.47,8,4512,0.18,2.673,0.336,21.274,2.681,0.33747035712371154,1.0
RECQL_AMP,False,1,211,0.47,8,4512,0.18,2.673,0.336,21.274,2.681,0.33747035712371154,1.0
PDCD1_MUT,True,2,260,0.77,24,5345,0.45,1.713,0.407,7.21,1.719,0.34143151709920505,1.0
PGR_AMP,False,1,251,0.4,8,5193,0.15,2.586,0.325,20.598,2.592,0.3463234650708395,1.0
CBFB_MUT,True,1,260,0.38,8,5345,0.15,2.57,0.323,20.47,2.576,0.3480519265614251,1.0
CTNNB1_HOMDEL_OR_DEEP,True,1,260,0.38,8,5345,0.15,2.57,0.323,20.47,2.576,0.3480519265614251,1.0
MDC1_MUT,True,4,260,1.54,55,5345,1.03,1.495,0.546,4.094,1.503,0.35199418289507445,1.0
FUBP1_MUT,True,2,260,0.77,26,5345,0.49,1.581,0.377,6.627,1.586,0.37548573358466947,1.0
TERT_AMP,True,2,260,0.77,26,5345,0.49,1.581,0.377,6.627,1.586,0.37548573358466947,1.0
TP53_HOMDEL_OR_DEEP,True,2,260,0.77,26,5345,0.49,1.581,0.377,6.627,1.586,0.37548573358466947,1.0
BIRC3_AMP,False,1,251,0.4,9,5193,0.17,2.299,0.292,18.075,2.304,0.3765116546328513,1.0
CXCR4_HOMDEL_OR_DEEP,False,1,251,0.4,9,5193,0.17,2.299,0.292,18.075,2.304,0.3765116546328513,1.0
NEGR1_HOMDEL_OR_DEEP,False,1,251,0.4,9,5193,0.17,2.299,0.292,18.075,2.304,0.3765116546328513,1.0
CDKN1B_HOMDEL_OR_DEEP,True,1,260,0.38,9,5345,0.17,2.284,0.29,17.962,2.289,0.37834258044436325,1.0
EPCAM_MUT,True,1,260,0.38,9,5345,0.17,2.284,0.29,17.962,2.289,0.37834258044436325,1.0
FGFR3_HOMDEL_OR_DEEP,True,1,260,0.38,9,5345,0.17,2.284,0.29,17.962,2.289,0.37834258044436325,1.0
MDM2_AMP,True,1,260,0.38,9,5345,0.17,2.284,0.29,17.962,2.289,0.37834258044436325,1.0
TMEM127_MUT,True,1,260,0.38,9,5345,0.17,2.284,0.29,17.962,2.289,0.37834258044436325,1.0
DROSHA_MUT,False,1,211,0.47,72,4512,1.6,0.297,0.041,2.127,0.294,0.3809584883101382,1.0
IGF1R_MUT,True,5,260,1.92,67,5345,1.25,1.534,0.624,3.774,1.545,0.3864525582325848,1.0
KDM5A_MUT,True,5,260,1.92,67,5345,1.25,1.534,0.624,3.774,1.545,0.3864525582325848,1.0
PIK3R1_MUT,True,6,260,2.31,192,5345,3.59,0.642,0.288,1.434,0.634,0.38661077394043974,1.0
SCG5_MUT,False,1,92,1.09,10,2012,0.5,2.187,0.283,16.904,2.2,0.3892214670116997,1.0
SDHA_MUT,True,2,260,0.77,27,5345,0.51,1.523,0.364,6.369,1.527,0.39224562724446943,1.0
STK11_MUT,True,2,260,0.77,27,5345,0.51,1.523,0.364,6.369,1.527,0.39224562724446943,1.0
KLF5_MUT,False,0,92,0.0,33,2012,1.64,,,,0.0,0.3986753803286699,1.0
ERCC3_MUT,True,0,260,0.0,30,5345,0.56,,,,0.0,0.4000883955777819,1.0
CYSLTR2_MUT,False,0,211,0.0,31,4512,0.69,,,,0.0,0.40024217580937793,1.0
CYLD_AMP,False,0,211,0.0,33,4512,0.73,,,,0.0,0.4012831036789563,1.0
AXL_MUT,True,5,260,1.92,71,5345,1.33,1.448,0.59,3.555,1.457,0.4018102554487943,1.0
BRD4_MUT,True,5,260,1.92,71,5345,1.33,1.448,0.59,3.555,1.457,0.4018102554487943,1.0
EP300_MUT,True,8,260,3.08,125,5345,2.34,1.316,0.651,2.66,1.326,0.4028573269484968,1.0
MLH1_MUT,True,0,260,0.0,33,5345,0.62,,,,0.0,0.40323093396286586,1.0
DAXX_MUT,True,0,260,0.0,34,5345,0.64,,,,0.0,0.4056496955791636,1.0
CCND1_MUT,True,1,260,0.38,10,5345,0.19,2.056,0.264,15.999,2.06,0.40723103961569046,1.0
GREM1_MUT,True,1,260,0.38,10,5345,0.19,2.056,0.264,15.999,2.06,0.40723103961569046,1.0
MAPK1_AMP,True,1,260,0.38,10,5345,0.19,2.056,0.264,15.999,2.06,0.40723103961569046,1.0
YAP1_AMP,True,1,260,0.38,10,5345,0.19,2.056,0.264,15.999,2.06,0.40723103961569046,1.0
SMARCB1_MUT,True,0,260,0.0,35,5345,0.65,,,,0.0,0.40868213173940426,1.0
TERT_MUT,True,8,260,3.08,127,5345,2.38,1.295,0.641,2.617,1.304,0.40916542281531704,1.0
CSDE1_MUT,False,0,211,0.0,38,4512,0.84,,,,0.0,0.41474487081809136,1.0
BCL2_HOMDEL_OR_DEEP,True,0,260,0.0,37,5345,0.69,,,,0.0,0.41642577507122186,1.0
ERCC2_MUT,True,0,260,0.0,37,5345,0.69,,,,0.0,0.41642577507122186,1.0
PMAIP1_HOMDEL_OR_DEEP,True,0,260,0.0,37,5345,0.69,,,,0.0,0.41642577507122186,1.0
AXIN2_MUT,True,4,260,1.54,140,5345,2.62,0.587,0.219,1.575,0.581,0.41810187529747783,1.0
DNMT3A_MUT,True,3,260,1.15,36,5345,0.67,1.713,0.531,5.526,1.721,0.4261522381088466,1.0
FLT4_MUT,True,9,260,3.46,142,5345,2.66,1.303,0.672,2.526,1.314,0.42889546344025486,1.0
TOP1_MUT,True,3,260,1.15,37,5345,0.69,1.667,0.517,5.37,1.675,0.43166872985593835,1.0
H3C12_MUT,False,1,251,0.4,11,5193,0.21,1.881,0.244,14.512,1.884,0.4327851163460975,1.0
RHEB_MUT,False,1,251,0.4,11,5193,0.21,1.881,0.244,14.512,1.884,0.4327851163460975,1.0
H3C2_MUT,True,1,260,0.38,11,5345,0.21,1.869,0.242,14.421,1.872,0.4347819744884641,1.0
SMARCA2_MUT,False,3,92,3.26,41,2012,2.04,1.6,0.505,5.072,1.62,0.4388278315405672,1.0
TP53BP1_MUT,False,2,211,0.95,89,4512,1.97,0.481,0.119,1.938,0.476,0.4393762173640954,1.0
PRDM14_MUT,False,3,211,1.42,40,4512,0.89,1.604,0.5,5.142,1.613,0.4401227322144274,1.0
INHBA_MUT,False,2,251,0.8,88,5193,1.69,0.47,0.116,1.899,0.466,0.4418553951768463,1.0
RUNX1_MUT,True,3,260,1.15,39,5345,0.73,1.581,0.492,5.083,1.588,0.4438403286790432,1.0
MAP3K1_MUT,True,2,260,0.77,90,5345,1.68,0.457,0.113,1.845,0.453,0.4461979712588477,1.0
AGO2_MUT,False,3,211,1.42,41,4512,0.91,1.565,0.488,5.012,1.573,0.44627761140091515,1.0
SOS1_MUT,False,3,211,1.42,41,4512,0.91,1.565,0.488,5.012,1.573,0.44627761140091515,1.0
PIK3CG_MUT,True,5,260,1.92,157,5345,2.94,0.655,0.271,1.581,0.648,0.44789656532436667,1.0
CCNQ_MUT,False,1,211,0.47,12,4512,0.27,1.782,0.233,13.641,1.786,0.44839413576020787,1.0
FLT1_AMP,True,15,260,5.77,253,5345,4.73,1.219,0.735,2.021,1.232,0.45464634552341976,1.0
ELOC_AMP,False,3,251,1.2,41,5193,0.79,1.514,0.472,4.855,1.52,0.4554567466273915,1.0
ERG_MUT,True,3,260,1.15,41,5345,0.77,1.504,0.469,4.826,1.51,0.45732268467048637,1.0
H3C8_MUT,False,1,251,0.4,12,5193,0.23,1.724,0.225,13.208,1.727,0.45899478788223685,1.0
INHBA_AMP,False,1,251,0.4,12,5193,0.23,1.724,0.225,13.208,1.727,0.45899478788223685,1.0
PDPK1_MUT,True,1,260,0.38,12,5345,0.22,1.713,0.224,13.126,1.716,0.4610570838468832,1.0
RAD51D_MUT,True,1,260,0.38,12,5345,0.22,1.713,0.224,13.126,1.716,0.4610570838468832,1.0
SH2D1A_MUT,True,1,260,0.38,12,5345,0.22,1.713,0.224,13.126,1.716,0.4610570838468832,1.0
ESR1_MUT,True,6,260,2.31,92,5345,1.72,1.341,0.593,3.033,1.349,0.46173742130723605,1.0
RET_MUT,True,6,260,2.31,92,5345,1.72,1.341,0.593,3.033,1.349,0.46173742130723605,1.0
FOXF1_MUT,False,1,92,1.09,13,2012,0.65,1.682,0.222,12.723,1.69,0.4663104469548375,1.0
BLM_MUT,True,3,260,1.15,43,5345,0.8,1.434,0.448,4.593,1.439,0.47188604098224873,1.0
NBN_MUT,True,3,260,1.15,43,5345,0.8,1.434,0.448,4.593,1.439,0.47188604098224873,1.0
ALK_MUT,True,10,260,3.85,169,5345,3.16,1.216,0.651,2.274,1.225,0.47224528290900514,1.0
RRAS_MUT,False,1,211,0.47,13,4512,0.29,1.645,0.216,12.516,1.648,0.47310514157196365,1.0
PHOX2B_MUT,True,3,260,1.15,44,5345,0.82,1.402,0.438,4.484,1.406,0.47950706461967574,1.0
CD79A_MUT,False,1,251,0.4,13,5193,0.25,1.591,0.209,12.118,1.594,0.48399797482135254,1.0
CRKL_MUT,True,1,260,0.38,13,5345,0.24,1.581,0.208,12.043,1.584,0.4861152308793109,1.0
ICOSLG_MUT,True,1,260,0.38,13,5345,0.24,1.581,0.208,12.043,1.584,0.4861152308793109,1.0
PMS2_AMP,True,1,260,0.38,13,5345,0.24,1.581,0.208,12.043,1.584,0.4861152308793109,1.0
RAC1_AMP,True,1,260,0.38,13,5345,0.24,1.581,0.208,12.043,1.584,0.4861152308793109,1.0
MYOD1_MUT,True,3,260,1.15,45,5345,0.84,1.371,0.429,4.381,1.375,0.48732163882937435,1.0
PIK3R2_MUT,True,3,260,1.15,45,5345,0.84,1.371,0.429,4.381,1.375,0.48732163882937435,1.0
PTPN11_MUT,True,3,260,1.15,45,5345,0.84,1.371,0.429,4.381,1.375,0.48732163882937435,1.0
AKT3_MUT,True,3,260,1.15,46,5345,0.86,1.341,0.42,4.282,1.345,0.4953067802999954,1.0
AXIN1_MUT,True,3,260,1.15,46,5345,0.86,1.341,0.42,4.282,1.345,0.4953067802999954,1.0
FGF3_MUT,True,3,260,1.15,46,5345,0.86,1.341,0.42,4.282,1.345,0.4953067802999954,1.0
ERBB4_MUT,True,11,260,4.23,190,5345,3.55,1.19,0.656,2.158,1.199,0.49692921815178687,1.0
PRDM1_MUT,True,3,260,1.15,47,5345,0.88,1.312,0.411,4.188,1.316,0.5034406853880625,1.0
INPPL1_MUT,False,3,211,1.42,49,4512,1.09,1.309,0.411,4.166,1.314,0.504073133738131,1.0
ANKRD11_MUT,False,7,251,2.79,113,5193,2.18,1.282,0.604,2.721,1.29,0.5046645606664101,1.0
DNAJB1_MUT,False,1,251,0.4,14,5193,0.27,1.478,0.195,11.194,1.48,0.5078500021350137,1.0
H3-4_MUT,False,1,251,0.4,14,5193,0.27,1.478,0.195,11.194,1.48,0.5078500021350137,1.0
CRKL_AMP,True,1,260,0.38,14,5345,0.26,1.468,0.194,11.124,1.47,0.5100125730311499,1.0
LMO1_MUT,True,1,260,0.38,14,5345,0.26,1.468,0.194,11.124,1.47,0.5100125730311499,1.0
MCL1_MUT,True,1,260,0.38,14,5345,0.26,1.468,0.194,11.124,1.47,0.5100125730311499,1.0
RAD51B_MUT,True,1,260,0.38,14,5345,0.26,1.468,0.194,11.124,1.47,0.5100125730311499,1.0
SDHB_MUT,True,1,260,0.38,14,5345,0.26,1.468,0.194,11.124,1.47,0.5100125730311499,1.0
FGFR1_HOMDEL_OR_DEEP,True,3,260,1.15,48,5345,0.9,1.285,0.403,4.098,1.288,0.5117026948752212,1.0
FLCN_MUT,True,3,260,1.15,48,5345,0.9,1.285,0.403,4.098,1.288,0.5117026948752212,1.0
INPP4A_MUT,True,1,260,0.38,51,5345,0.95,0.403,0.056,2.906,0.401,0.5173542973675248,1.0
MAP2K1_MUT,True,1,260,0.38,53,5345,0.99,0.388,0.054,2.794,0.386,0.5178437019690165,1.0
INPP4B_MUT,True,1,260,0.38,54,5345,1.01,0.381,0.053,2.741,0.378,0.5186610872667995,1.0
SF3B1_MUT,True,1,260,0.38,54,5345,1.01,0.381,0.053,2.741,0.378,0.5186610872667995,1.0
ERCC5_MUT,True,1,260,0.38,57,5345,1.07,0.361,0.05,2.594,0.358,0.5232269724859455,1.0
NTRK2_MUT,True,1,260,0.38,58,5345,1.09,0.354,0.049,2.549,0.352,0.525404246612798,1.0
CDKN2A_MUT,True,1,260,0.38,59,5345,1.1,0.348,0.048,2.505,0.346,0.5278846722655787,1.0
STAT5A_MUT,False,1,251,0.4,15,5193,0.29,1.379,0.183,10.401,1.381,0.5306036675372772,1.0
CCNE1_MUT,True,1,260,0.38,15,5345,0.28,1.371,0.182,10.336,1.372,0.5328026859093119,1.0
FLT3_MUT,True,4,260,1.54,58,5345,1.09,1.418,0.519,3.875,1.424,0.5336969311287908,1.0
KNSTRN_MUT,False,1,211,0.47,16,4512,0.35,1.336,0.178,10.031,1.338,0.5408196878442844,1.0
XRCC2_MUT,False,1,251,0.4,16,5193,0.31,1.293,0.172,9.712,1.294,0.5523093564556268,1.0
DDR2_MUT,True,4,260,1.54,63,5345,1.18,1.305,0.479,3.558,1.31,0.5525358475840214,1.0
FGFR1_MUT,True,4,260,1.54,63,5345,1.18,1.305,0.479,3.558,1.31,0.5525358475840214,1.0
CDK6_MUT,True,1,260,0.38,16,5345,0.3,1.285,0.171,9.652,1.286,0.5545366815555192,1.0
MPL_AMP,True,1,260,0.38,16,5345,0.3,1.285,0.171,9.652,1.286,0.5545366815555192,1.0
PIK3CA_MUT,True,42,260,16.15,952,5345,17.81,0.907,0.684,1.203,0.889,0.5604913755340307,1.0
BRCA1_MUT,True,4,260,1.54,65,5345,1.22,1.265,0.464,3.446,1.269,0.561510656818092,1.0
NTRK1_MUT,True,4,260,1.54,67,5345,1.25,1.227,0.451,3.34,1.231,0.5711546432755122,1.0
CXCR4_MUT,False,1,251,0.4,17,5193,0.33,1.217,0.163,9.109,1.218,0.5730151518413609,1.0
NFKBIA_MUT,False,1,251,0.4,17,5193,0.33,1.217,0.163,9.109,1.218,0.5730151518413609,1.0
LATS2_AMP,True,9,260,3.46,157,5345,2.94,1.178,0.609,2.28,1.185,0.573535747960277,1.0
BCOR_AMP,True,1,260,0.38,17,5345,0.32,1.209,0.162,9.052,1.21,0.5752633212820999,1.0
IDH2_MUT,True,1,260,0.38,17,5345,0.32,1.209,0.162,9.052,1.21,0.5752633212820999,1.0
RHOA_MUT,True,1,260,0.38,17,5345,0.32,1.209,0.162,9.052,1.21,0.5752633212820999,1.0
PIK3CD_MUT,True,4,260,1.54,69,5345,1.29,1.192,0.438,3.24,1.195,0.5813724492302568,1.0
GLI1_MUT,False,2,251,0.8,73,5193,1.41,0.567,0.14,2.296,0.563,0.5837252690934619,1.0
KDM6A_MUT,True,2,260,0.77,75,5345,1.4,0.548,0.135,2.22,0.545,0.5846939796702321,1.0
ATM_MUT,True,17,260,6.54,311,5345,5.82,1.124,0.701,1.802,1.132,0.5886966680276917,1.0
IRS2_MUT,True,2,260,0.77,79,5345,1.48,0.52,0.129,2.106,0.517,0.5891966793450428,1.0
RASA1_MUT,True,2,260,0.77,80,5345,1.5,0.514,0.127,2.079,0.51,0.5908553851842231,1.0
CCND2_MUT,True,1,260,0.38,18,5345,0.34,1.142,0.153,8.523,1.143,0.595029123399489,1.0
CDK6_AMP,True,1,260,0.38,18,5345,0.34,1.142,0.153,8.523,1.143,0.595029123399489,1.0
CHEK1_MUT,True,1,260,0.38,18,5345,0.34,1.142,0.153,8.523,1.143,0.595029123399489,1.0
DCUN1D1_MUT,True,1,260,0.38,18,5345,0.34,1.142,0.153,8.523,1.143,0.595029123399489,1.0
MDM2_MUT,True,1,260,0.38,18,5345,0.34,1.142,0.153,8.523,1.143,0.595029123399489,1.0
MYCL_AMP,True,1,260,0.38,18,5345,0.34,1.142,0.153,8.523,1.143,0.595029123399489,1.0
PAK1_MUT,True,1,260,0.38,18,5345,0.34,1.142,0.153,8.523,1.143,0.595029123399489,1.0
LYN_MUT,False,1,211,0.47,19,4512,0.42,1.125,0.151,8.368,1.126,0.5998677299022027,1.0
ETAA1_MUT,False,1,92,1.09,20,2012,0.99,1.093,0.148,8.06,1.095,0.6107472167404692,1.0
REST_MUT,False,1,92,1.09,20,2012,0.99,1.093,0.148,8.06,1.095,0.6107472167404692,1.0
MYD88_MUT,True,1,260,0.38,19,5345,0.36,1.082,0.145,8.051,1.082,0.6138784660362219,1.0
MDM4_MUT,True,0,260,0.0,21,5345,0.39,,,,0.0,0.6225203983063268,1.0
ERRFI1_MUT,False,0,251,0.0,21,5193,0.4,,,,0.0,0.6225642389937426,1.0
FGF4_MUT,True,0,260,0.0,22,5345,0.41,,,,0.0,0.6228873709034597,1.0
FLCN_HOMDEL_OR_DEEP,True,0,260,0.0,22,5345,0.41,,,,0.0,0.6228873709034597,1.0
MEN1_MUT,True,0,260,0.0,22,5345,0.41,,,,0.0,0.6228873709034597,1.0
SESN3_MUT,False,0,211,0.0,23,4512,0.51,,,,0.0,0.6231670959046278,1.0
CSF1R_AMP,True,0,260,0.0,23,5345,0.43,,,,0.0,0.624035662984854,1.0
IGF2_MUT,True,0,260,0.0,23,5345,0.43,,,,0.0,0.624035662984854,1.0
PAK5_AMP,True,0,260,0.0,23,5345,0.43,,,,0.0,0.624035662984854,1.0
RAD51C_MUT,True,0,260,0.0,23,5345,0.43,,,,0.0,0.624035662984854,1.0
BIRC3_MUT,False,0,251,0.0,24,5193,0.46,,,,0.0,0.6256033101145538,1.0
CDKN2B_MUT,True,0,260,0.0,24,5345,0.45,,,,0.0,0.6258922625320262,1.0
E2F3_MUT,True,0,260,0.0,24,5345,0.45,,,,0.0,0.6258922625320262,1.0
REL_MUT,True,0,260,0.0,24,5345,0.45,,,,0.0,0.6258922625320262,1.0
ZRSR2_MUT,False,0,251,0.0,25,5193,0.48,,,,0.0,0.6279922188793167,1.0
PDGFRB_AMP,True,0,260,0.0,25,5345,0.47,,,,0.0,0.6283892188519908,1.0
FLT1_MUT,True,3,260,1.15,96,5345,1.8,0.642,0.205,2.014,0.638,0.6289495006501682,1.0
MALT1_MUT,False,0,251,0.0,26,5193,0.5,,,,0.0,0.6309605924720884,1.0
HGF_MUT,True,3,260,1.15,99,5345,1.85,0.623,0.199,1.951,0.619,0.6312687780407629,1.0
IFNGR1_MUT,True,0,260,0.0,26,5345,0.49,,,,0.0,0.6314633324108004,1.0
PIK3C3_HOMDEL_OR_DEEP,True,0,260,0.0,26,5345,0.49,,,,0.0,0.6314633324108004,1.0
PIK3R3_MUT,True,0,260,0.0,26,5345,0.49,,,,0.0,0.6314633324108004,1.0
SETDB1_MUT,False,0,92,0.0,28,2012,1.39,,,,0.0,0.6319657331322357,1.0
PBRM1_MUT,True,3,260,1.15,102,5345,1.91,0.605,0.193,1.893,0.6,0.6349859239167757,1.0
NFE2L2_MUT,True,0,260,0.0,27,5345,0.51,,,,0.0,0.635055862421118,1.0
SRC_MUT,True,0,260,0.0,27,5345,0.51,,,,0.0,0.635055862421118,1.0
XIAP_MUT,True,0,260,0.0,27,5345,0.51,,,,0.0,0.635055862421118,1.0
BRCA2_AMP,True,6,260,2.31,100,5345,1.87,1.233,0.546,2.785,1.239,0.6365153064424283,1.0
NOTCH1_MUT,True,6,260,2.31,100,5345,1.87,1.233,0.546,2.785,1.239,0.6365153064424283,1.0
WWTR1_MUT,False,0,211,0.0,29,4512,0.64,,,,0.0,0.6388854398527838,1.0
LZTR1_MUT,False,0,92,0.0,30,2012,1.49,,,,0.0,0.6394975597327823,1.0
NUP93_MUT,False,2,251,0.8,28,5193,0.54,1.478,0.354,6.169,1.482,0.6475225057580158,1.0
FGFR3_MUT,True,2,260,0.77,28,5345,0.52,1.468,0.352,6.131,1.472,0.648417745853235,1.0
IKZF1_MUT,True,6,260,2.31,107,5345,2.0,1.153,0.511,2.599,1.156,0.6508225587932134,1.0
NTRK3_MUT,True,6,260,2.31,107,5345,2.0,1.153,0.511,2.599,1.156,0.6508225587932134,1.0
STAT3_MUT,False,2,251,0.8,29,5193,0.56,1.427,0.342,5.946,1.43,0.6525920010577414,1.0
NF2_MUT,True,2,260,0.77,29,5345,0.54,1.418,0.34,5.91,1.421,0.6535763877132373,1.0
ALB_MUT,False,2,92,2.17,32,2012,1.59,1.367,0.333,5.617,1.375,0.6585996223377412,1.0
ROS1_MUT,True,4,260,1.54,115,5345,2.15,0.715,0.266,1.923,0.711,0.6606454159339946,1.0
MED12_MUT,True,4,260,1.54,119,5345,2.23,0.691,0.257,1.857,0.686,0.6624157682305628,1.0
PREX2_AMP,False,2,211,0.95,32,4512,0.71,1.336,0.322,5.54,1.34,0.6632596546139391,1.0
SLFN11_MUT,False,2,92,2.17,33,2012,1.64,1.325,0.323,5.439,1.333,0.6640082813473506,1.0
MPL_MUT,True,2,260,0.77,31,5345,0.58,1.326,0.319,5.512,1.329,0.664703867945511,1.0
PIK3C2G_MUT,True,7,260,2.69,122,5345,2.28,1.18,0.556,2.501,1.185,0.6686856752055601,1.0
LYN_AMP,False,2,211,0.95,33,4512,0.73,1.296,0.313,5.365,1.299,0.6688802313069808,1.0
PRDM14_AMP,False,2,211,0.95,33,4512,0.73,1.296,0.313,5.365,1.299,0.6688802313069808,1.0
MAPK3_AMP,False,2,251,0.8,33,5193,0.64,1.254,0.303,5.196,1.256,0.675377038014277,1.0
PMS2_MUT,True,2,260,0.77,33,5345,0.62,1.246,0.301,5.164,1.248,0.6766772499998972,1.0
PIK3C3_MUT,True,2,260,0.77,34,5345,0.64,1.209,0.292,5.006,1.211,0.6829032238618901,1.0
PLK2_MUT,True,2,260,0.77,34,5345,0.64,1.209,0.292,5.006,1.211,0.6829032238618901,1.0
ARAF_MUT,True,2,260,0.77,35,5345,0.65,1.175,0.284,4.858,1.176,0.689251992141062,1.0
CHEK2_MUT,True,2,260,0.77,35,5345,0.65,1.175,0.284,4.858,1.176,0.689251992141062,1.0
FGF3_AMP,True,2,260,0.77,35,5345,0.65,1.175,0.284,4.858,1.176,0.689251992141062,1.0
RAD21_MUT,False,2,251,0.8,36,5193,0.69,1.149,0.278,4.747,1.151,0.6942061466978359,1.0
FAT1_HOMDEL_OR_DEEP,True,2,260,0.77,36,5345,0.67,1.142,0.276,4.718,1.143,0.6956987583424927,1.0
RAD54L_MUT,True,2,260,0.77,36,5345,0.67,1.142,0.276,4.718,1.143,0.6956987583424927,1.0
PPM1D_MUT,False,2,251,0.8,37,5193,0.71,1.118,0.271,4.614,1.119,0.7006724925580973,1.0
NF1_MUT,True,6,260,2.31,158,5345,2.96,0.781,0.349,1.747,0.775,0.7059015290316457,1.0
BRCA2_MUT,True,6,260,2.31,160,5345,2.99,0.771,0.345,1.725,0.766,0.7066079047518083,1.0
FGFR4_MUT,True,2,260,0.77,38,5345,0.71,1.082,0.262,4.461,1.083,0.7087970986546973,1.0
TRAF7_MUT,True,2,260,0.77,38,5345,0.71,1.082,0.262,4.461,1.083,0.7087970986546973,1.0
CYLD_MUT,False,2,211,0.95,40,4512,0.89,1.069,0.26,4.394,1.07,0.7117625277876918,1.0
FGF4_AMP,True,2,260,0.77,39,5345,0.73,1.054,0.256,4.342,1.055,0.7154086865420617,1.0
ERCC4_MUT,True,1,260,0.38,42,5345,0.79,0.489,0.068,3.543,0.487,0.721763241748901,1.0
BCL6_MUT,True,1,260,0.38,41,5345,0.77,0.501,0.069,3.631,0.499,0.7218022728431913,1.0
MRE11_MUT,True,1,260,0.38,41,5345,0.77,0.501,0.069,3.631,0.499,0.7218022728431913,1.0
EPHA3_MUT,True,7,260,2.69,176,5345,3.29,0.818,0.388,1.722,0.813,0.7219682490878467,1.0
HLA-B_MUT,False,1,211,0.47,45,4512,1.0,0.475,0.066,3.431,0.473,0.7221658759945566,1.0
CARD11_MUT,True,7,260,2.69,179,5345,3.35,0.804,0.382,1.693,0.799,0.7224102837592061,1.0
INSR_MUT,True,1,260,0.38,44,5345,0.82,0.467,0.065,3.378,0.465,0.7226020725980892,1.0
XPO1_MUT,True,1,260,0.38,44,5345,0.82,0.467,0.065,3.378,0.465,0.7226020725980892,1.0
IL7R_MUT,True,1,260,0.38,45,5345,0.84,0.457,0.063,3.301,0.455,0.7234502317262136,1.0
MSH3_MUT,False,1,211,0.47,47,4512,1.04,0.455,0.063,3.282,0.452,0.723661382993852,1.0
NSD2_MUT,False,1,211,0.47,49,4512,1.09,0.436,0.061,3.145,0.434,0.7261338052583606,1.0
IRF4_MUT,True,1,260,0.38,49,5345,0.92,0.42,0.058,3.026,0.417,0.7293607789625457,1.0
NCOA3_MUT,False,1,251,0.4,50,5193,0.96,0.414,0.057,2.983,0.411,0.7307415425316653,1.0
SH2B3_MUT,False,1,251,0.4,50,5193,0.96,0.414,0.057,2.983,0.411,0.7307415425316653,1.0
DIS3_MUT,True,3,260,1.15,49,5345,0.92,1.259,0.395,4.011,1.262,0.73362946631924,1.0
PAX5_MUT,True,3,260,1.15,49,5345,0.92,1.259,0.395,4.011,1.262,0.73362946631924,1.0
WT1_MUT,True,3,260,1.15,51,5345,0.95,1.209,0.38,3.849,1.212,0.7386304073474499,1.0
CSF1R_MUT,True,3,260,1.15,52,5345,0.97,1.186,0.373,3.772,1.188,0.7413737828492433,1.0
RPTOR_MUT,True,3,260,1.15,53,5345,0.99,1.164,0.366,3.699,1.166,0.7442629405863154,1.0
SMAD3_HOMDEL_OR_DEEP,True,3,260,1.15,53,5345,0.99,1.164,0.366,3.699,1.166,0.7442629405863154,1.0
TP63_MUT,True,3,260,1.15,59,5345,1.1,1.045,0.33,3.312,1.046,0.7640361839874651,1.0
TEK_MUT,False,2,211,0.95,67,4512,1.48,0.638,0.157,2.588,0.635,0.7695618702971818,1.0
MSH6_MUT,True,2,260,0.77,66,5345,1.23,0.623,0.153,2.529,0.62,0.7704594949794114,1.0
STAG2_MUT,True,2,260,0.77,67,5345,1.25,0.614,0.151,2.491,0.611,0.7711642427781654,1.0
CDK8_MUT,True,2,260,0.77,68,5345,1.27,0.605,0.149,2.454,0.602,0.77201687364406,1.0
SMO_MUT,True,4,260,1.54,70,5345,1.31,1.175,0.432,3.193,1.177,0.7767878416118377,1.0
DOT1L_MUT,True,4,260,1.54,73,5345,1.37,1.126,0.415,3.058,1.128,0.781629348302001,1.0
RB1_MUT,True,4,260,1.54,73,5345,1.37,1.126,0.415,3.058,1.128,0.781629348302001,1.0
SLX4_MUT,False,4,211,1.9,80,4512,1.77,1.069,0.395,2.891,1.071,0.7891470970809492,1.0
CIC_MUT,True,4,260,1.54,78,5345,1.46,1.054,0.389,2.857,1.055,0.7916449023395526,1.0
TET2_MUT,True,3,260,1.15,83,5345,1.55,0.743,0.236,2.335,0.74,0.798381676067545,1.0
PRKD1_MUT,False,3,211,1.42,95,4512,2.11,0.675,0.216,2.114,0.671,0.8021840924550341,1.0
TBX3_MUT,True,5,260,1.92,91,5345,1.7,1.13,0.463,2.755,1.132,0.8039268173187453,1.0
SPEN_MUT,True,5,260,1.92,95,5345,1.78,1.082,0.444,2.636,1.084,0.8086797168732125,1.0
NSD3_AMP,False,5,211,2.37,102,4512,2.26,1.048,0.432,2.545,1.049,0.8129110963216524,1.0
TET1_MUT,True,5,260,1.92,100,5345,1.87,1.028,0.422,2.502,1.028,0.8161998781611822,1.0
KDM5A_AMP,True,4,260,1.54,106,5345,1.98,0.776,0.288,2.089,0.772,0.8188583105501201,1.0
PDGFRA_MUT,True,4,260,1.54,109,5345,2.04,0.754,0.28,2.03,0.751,0.8198626833606247,1.0
SETD2_MUT,True,6,260,2.31,114,5345,2.13,1.082,0.481,2.436,1.084,0.8246916834541606,1.0
SMARCA4_MUT,True,6,260,2.31,114,5345,2.13,1.082,0.481,2.436,1.084,0.8246916834541606,1.0
PLCG2_MUT,False,7,251,2.79,139,5193,2.68,1.042,0.493,2.203,1.043,0.8411671211683616,1.0
FGFR1_AMP,True,6,260,2.31,146,5345,2.73,0.845,0.377,1.893,0.841,0.8453822576066437,1.0
CCND2_AMP,True,6,260,2.31,150,5345,2.81,0.822,0.367,1.842,0.818,0.84609322941034,1.0
FAT1_MUT,True,7,260,2.69,167,5345,3.12,0.862,0.409,1.817,0.858,0.8548923361953492,1.0
SMAD2_MUT,True,11,260,4.23,214,5345,4.0,1.057,0.584,1.912,1.059,0.8707927261549672,1.0
FLT3_AMP,True,15,260,5.77,302,5345,5.65,1.021,0.617,1.689,1.022,0.8906459589841812,1.0
ARAF_AMP,True,0,260,0.0,7,5345,0.13,,,,0.0,0.9999999999793021,1.0
AXIN2_AMP,True,0,260,0.0,7,5345,0.13,,,,0.0,0.9999999999793021,1.0
BLM_AMP,True,0,260,0.0,7,5345,0.13,,,,0.0,0.9999999999793021,1.0
CD276_AMP,True,0,260,0.0,7,5345,0.13,,,,0.0,0.9999999999793021,1.0
FLT4_HOMDEL_OR_DEEP,True,0,260,0.0,7,5345,0.13,,,,0.0,0.9999999999793021,1.0
FOXL2_AMP,True,0,260,0.0,7,5345,0.13,,,,0.0,0.9999999999793021,1.0
H3-5_AMP,True,0,260,0.0,7,5345,0.13,,,,0.0,0.9999999999793021,1.0
NF1_AMP,True,0,260,0.0,7,5345,0.13,,,,0.0,0.9999999999793021,1.0
PIM1_MUT,True,0,260,0.0,7,5345,0.13,,,,0.0,0.9999999999793021,1.0
SHQ1_AMP,True,0,260,0.0,7,5345,0.13,,,,0.0,0.9999999999793021,1.0
STK11_HOMDEL_OR_DEEP,True,0,260,0.0,7,5345,0.13,,,,0.0,0.9999999999793021,1.0
NCOR1_HOMDEL_OR_DEEP,True,0,260,0.0,19,5345,0.36,,,,0.0,0.9999999999800302,1.0
SMAD3_MUT,True,9,260,3.46,198,5345,3.7,0.934,0.485,1.801,0.932,0.9999999999837457,1.0
CDC73_MUT,True,2,260,0.77,46,5345,0.86,0.894,0.218,3.662,0.893,0.9999999999838556,1.0
ABL1_MUT,True,2,260,0.77,45,5345,0.84,0.914,0.223,3.746,0.913,0.999999999984048,1.0
BARD1_MUT,True,2,260,0.77,45,5345,0.84,0.914,0.223,3.746,0.913,0.999999999984048,1.0
NOTCH4_MUT,True,5,260,1.92,117,5345,2.19,0.879,0.362,2.132,0.876,0.9999999999841371,1.0
YES1_AMP,True,2,260,0.77,41,5345,0.77,1.003,0.244,4.123,1.003,0.9999999999843991,1.0
IL10_MUT,True,0,260,0.0,18,5345,0.34,,,,0.0,0.9999999999844377,1.0
CRLF2_MUT,True,1,260,0.38,23,5345,0.43,0.894,0.121,6.593,0.893,0.9999999999849963,1.0
H3-5_MUT,True,1,260,0.38,23,5345,0.43,0.894,0.121,6.593,0.893,0.9999999999849963,1.0
NKX3-1_MUT,True,1,260,0.38,23,5345,0.43,0.894,0.121,6.593,0.893,0.9999999999849963,1.0
SUFU_MUT,True,1,260,0.38,23,5345,0.43,0.894,0.121,6.593,0.893,0.9999999999849963,1.0
SYK_MUT,True,1,260,0.38,23,5345,0.43,0.894,0.121,6.593,0.893,0.9999999999849963,1.0
CD79B_MUT,True,0,260,0.0,17,5345,0.32,,,,0.0,0.9999999999853318,1.0
IDH2_AMP,True,0,260,0.0,17,5345,0.32,,,,0.0,0.9999999999853318,1.0
IKZF1_AMP,True,0,260,0.0,17,5345,0.32,,,,0.0,0.9999999999853318,1.0
KLF4_MUT,True,0,260,0.0,17,5345,0.32,,,,0.0,0.9999999999853318,1.0
TMPRSS2_MUT,True,0,260,0.0,17,5345,0.32,,,,0.0,0.9999999999853318,1.0
GATA3_MUT,True,2,260,0.77,58,5345,1.09,0.709,0.174,2.887,0.707,0.9999999999858835,1.0
MET_MUT,True,2,260,0.77,58,5345,1.09,0.709,0.174,2.887,0.707,0.9999999999858835,1.0
SMAD2_HOMDEL_OR_DEEP,True,2,260,0.77,58,5345,1.09,0.709,0.174,2.887,0.707,0.9999999999858835,1.0
B2M_HOMDEL_OR_DEEP,True,0,260,0.0,9,5345,0.17,,,,0.0,0.9999999999864245,1.0
BRD4_AMP,True,0,260,0.0,9,5345,0.17,,,,0.0,0.9999999999864245,1.0
CRLF2_AMP,True,0,260,0.0,9,5345,0.17,,,,0.0,0.9999999999864245,1.0
ETV6_AMP,True,0,260,0.0,9,5345,0.17,,,,0.0,0.9999999999864245,1.0
NOTCH3_AMP,True,0,260,0.0,9,5345,0.17,,,,0.0,0.9999999999864245,1.0
NTRK3_HOMDEL_OR_DEEP,True,0,260,0.0,9,5345,0.17,,,,0.0,0.9999999999864245,1.0
PIK3CB_AMP,True,0,260,0.0,9,5345,0.17,,,,0.0,0.9999999999864245,1.0
RAC1_MUT,True,0,260,0.0,9,5345,0.17,,,,0.0,0.9999999999864245,1.0
NBN_AMP,True,1,260,0.38,38,5345,0.71,0.541,0.075,3.925,0.539,0.9999999999868984,1.0
AMER1_HOMDEL_OR_DEEP,True,0,260,0.0,8,5345,0.15,,,,0.0,0.9999999999868988,1.0
AURKB_MUT,True,0,260,0.0,8,5345,0.15,,,,0.0,0.9999999999868988,1.0
BBC3_MUT,True,0,260,0.0,8,5345,0.15,,,,0.0,0.9999999999868988,1.0
DNMT1_AMP,True,0,260,0.0,8,5345,0.15,,,,0.0,0.9999999999868988,1.0
EIF1AX_AMP,True,0,260,0.0,8,5345,0.15,,,,0.0,0.9999999999868988,1.0
ERCC4_AMP,True,0,260,0.0,8,5345,0.15,,,,0.0,0.9999999999868988,1.0
INPP4B_HOMDEL_OR_DEEP,True,0,260,0.0,8,5345,0.15,,,,0.0,0.9999999999868988,1.0
KEAP1_AMP,True,0,260,0.0,8,5345,0.15,,,,0.0,0.9999999999868988,1.0
RAD51_MUT,True,0,260,0.0,8,5345,0.15,,,,0.0,0.9999999999868988,1.0
RBM10_AMP,True,0,260,0.0,8,5345,0.15,,,,0.0,0.9999999999868988,1.0
RNF43_AMP,True,0,260,0.0,8,5345,0.15,,,,0.0,0.9999999999868988,1.0
STK40_AMP,True,0,260,0.0,8,5345,0.15,,,,0.0,0.9999999999868988,1.0
SUZ12_AMP,True,0,260,0.0,8,5345,0.15,,,,0.0,0.9999999999868988,1.0
EGFR_MUT,True,2,260,0.77,61,5345,1.14,0.674,0.166,2.741,0.671,0.9999999999869449,1.0
GSK3B_MUT,True,1,260,0.38,22,5345,0.41,0.934,0.126,6.906,0.934,0.999999999987599,1.0
CDKN1B_AMP,True,0,260,0.0,16,5345,0.3,,,,0.0,0.9999999999876543,1.0
H2BC5_MUT,True,0,260,0.0,16,5345,0.3,,,,0.0,0.9999999999876543,1.0
MYCL_MUT,True,0,260,0.0,16,5345,0.3,,,,0.0,0.9999999999876543,1.0
PAK5_HOMDEL_OR_DEEP,True,0,260,0.0,16,5345,0.3,,,,0.0,0.9999999999876543,1.0
DNMT1_MUT,True,3,260,1.15,62,5345,1.16,0.995,0.314,3.148,0.995,0.9999999999880025,1.0
JUN_MUT,True,3,260,1.15,62,5345,1.16,0.995,0.314,3.148,0.995,0.9999999999880025,1.0
NOTCH2_MUT,True,3,260,1.15,62,5345,1.16,0.995,0.314,3.148,0.995,0.9999999999880025,1.0
PAK5_MUT,True,3,260,1.15,62,5345,1.16,0.995,0.314,3.148,0.995,0.9999999999880025,1.0
CUL3_MUT,True,1,260,0.38,30,5345,0.56,0.685,0.094,5.006,0.684,0.9999999999880644,1.0
IRS1_MUT,True,3,260,1.15,78,5345,1.46,0.791,0.251,2.488,0.788,0.9999999999881073,1.0
FANCC_MUT,True,1,260,0.38,27,5345,0.51,0.761,0.104,5.582,0.76,0.9999999999884677,1.0
FH_MUT,True,1,260,0.38,27,5345,0.51,0.761,0.104,5.582,0.76,0.9999999999884677,1.0
KIT_MUT,True,3,260,1.15,75,5345,1.4,0.822,0.261,2.59,0.82,0.9999999999884939,1.0
RPS6KB2_MUT,True,1,260,0.38,26,5345,0.49,0.791,0.108,5.804,0.79,0.9999999999886069,1.0
SMARCD1_MUT,True,1,260,0.38,26,5345,0.49,0.791,0.108,5.804,0.79,0.9999999999886069,1.0
BCL2L11_MUT,True,0,260,0.0,13,5345,0.24,,,,0.0,0.9999999999887464,1.0
GNA11_MUT,True,0,260,0.0,13,5345,0.24,,,,0.0,0.9999999999887464,1.0
GNAQ_MUT,True,0,260,0.0,13,5345,0.24,,,,0.0,0.9999999999887464,1.0
RASA1_HOMDEL_OR_DEEP,True,0,260,0.0,13,5345,0.24,,,,0.0,0.9999999999887464,1.0
STK40_MUT,True,0,260,0.0,13,5345,0.24,,,,0.0,0.9999999999887464,1.0
ARID5B_HOMDEL_OR_DEEP,True,0,260,0.0,5,5345,0.09,,,,0.0,0.9999999999887483,1.0
CD79B_AMP,True,0,260,0.0,5,5345,0.09,,,,0.0,0.9999999999887483,1.0
FOXA1_AMP,True,0,260,0.0,5,5345,0.09,,,,0.0,0.9999999999887483,1.0
FOXA1_HOMDEL_OR_DEEP,True,0,260,0.0,5,5345,0.09,,,,0.0,0.9999999999887483,1.0
FUBP1_HOMDEL_OR_DEEP,True,0,260,0.0,5,5345,0.09,,,,0.0,0.9999999999887483,1.0
GATA1_AMP,True,0,260,0.0,5,5345,0.09,,,,0.0,0.9999999999887483,1.0
GNA11_HOMDEL_OR_DEEP,True,0,260,0.0,5,5345,0.09,,,,0.0,0.9999999999887483,1.0
IGF1R_AMP,True,0,260,0.0,5,5345,0.09,,,,0.0,0.9999999999887483,1.0
IL10_AMP,True,0,260,0.0,5,5345,0.09,,,,0.0,0.9999999999887483,1.0
JAK1_HOMDEL_OR_DEEP,True,0,260,0.0,5,5345,0.09,,,,0.0,0.9999999999887483,1.0
JUN_HOMDEL_OR_DEEP,True,0,260,0.0,5,5345,0.09,,,,0.0,0.9999999999887483,1.0
KDM5C_AMP,True,0,260,0.0,5,5345,0.09,,,,0.0,0.9999999999887483,1.0
MEF2B_AMP,True,0,260,0.0,5,5345,0.09,,,,0.0,0.9999999999887483,1.0
MUTYH_AMP,True,0,260,0.0,5,5345,0.09,,,,0.0,0.9999999999887483,1.0
NOTCH1_AMP,True,0,260,0.0,5,5345,0.09,,,,0.0,0.9999999999887483,1.0
NRAS_HOMDEL_OR_DEEP,True,0,260,0.0,5,5345,0.09,,,,0.0,0.9999999999887483,1.0
PALB2_AMP,True,0,260,0.0,5,5345,0.09,,,,0.0,0.9999999999887483,1.0
RAD54L_AMP,True,0,260,0.0,5,5345,0.09,,,,0.0,0.9999999999887483,1.0
TENT5C_AMP,True,0,260,0.0,5,5345,0.09,,,,0.0,0.9999999999887483,1.0
TET2_HOMDEL_OR_DEEP,True,0,260,0.0,5,5345,0.09,,,,0.0,0.9999999999887483,1.0
VTCN1_AMP,True,0,260,0.0,5,5345,0.09,,,,0.0,0.9999999999887483,1.0
CCND1_AMP,True,2,260,0.77,42,5345,0.79,0.979,0.238,4.022,0.979,0.9999999999888632,1.0
ETV1_MUT,True,2,260,0.77,42,5345,0.79,0.979,0.238,4.022,0.979,0.9999999999888632,1.0
PMS1_MUT,True,2,260,0.77,42,5345,0.79,0.979,0.238,4.022,0.979,0.9999999999888632,1.0
ALOX12B_HOMDEL_OR_DEEP,True,0,260,0.0,11,5345,0.21,,,,0.0,0.9999999999893524,1.0
CDKN2C_MUT,True,0,260,0.0,11,5345,0.21,,,,0.0,0.9999999999893524,1.0
CRLF2_HOMDEL_OR_DEEP,True,0,260,0.0,11,5345,0.21,,,,0.0,0.9999999999893524,1.0
EGFL7_MUT,True,0,260,0.0,11,5345,0.21,,,,0.0,0.9999999999893524,1.0
NPM1_MUT,True,0,260,0.0,11,5345,0.21,,,,0.0,0.9999999999893524,1.0
RET_HOMDEL_OR_DEEP,True,0,260,0.0,11,5345,0.21,,,,0.0,0.9999999999893524,1.0
SDHC_MUT,True,0,260,0.0,11,5345,0.21,,,,0.0,0.9999999999893524,1.0
XIAP_AMP,True,0,260,0.0,11,5345,0.21,,,,0.0,0.9999999999893524,1.0
CBL_MUT,True,2,260,0.77,48,5345,0.9,0.857,0.209,3.505,0.855,0.9999999999893542,1.0
MAP3K13_MUT,True,2,260,0.77,48,5345,0.9,0.857,0.209,3.505,0.855,0.9999999999893542,1.0
ABRAXAS1_MUT,True,1,260,0.38,25,5345,0.47,0.822,0.112,6.045,0.822,0.9999999999896064,1.0
GATA1_MUT,True,1,260,0.38,25,5345,0.47,0.822,0.112,6.045,0.822,0.9999999999896064,1.0
SHQ1_MUT,True,1,260,0.38,25,5345,0.47,0.822,0.112,6.045,0.822,0.9999999999896064,1.0
MAP2K2_MUT,True,1,260,0.38,24,5345,0.45,0.857,0.116,6.307,0.856,0.9999999999900748,1.0
MUTYH_MUT,True,1,260,0.38,24,5345,0.45,0.857,0.116,6.307,0.856,0.9999999999900748,1.0
PRKAR1A_MUT,True,1,260,0.38,24,5345,0.45,0.857,0.116,6.307,0.856,0.9999999999900748,1.0
NUF2_MUT,False,1,211,0.47,23,4512,0.51,0.93,0.126,6.852,0.929,0.9999999999903033,1.0
JAK3_MUT,True,3,260,1.15,66,5345,1.23,0.934,0.296,2.952,0.934,0.9999999999904495,1.0
AKT2_MUT,True,1,260,0.38,20,5345,0.37,1.028,0.138,7.63,1.028,0.9999999999905205,1.0
KRAS_AMP,True,3,260,1.15,70,5345,1.31,0.881,0.279,2.779,0.88,0.9999999999905257,1.0
AURKA_MUT,True,1,260,0.38,28,5345,0.52,0.734,0.1,5.375,0.733,0.9999999999909002,1.0
DICER1_MUT,True,3,260,1.15,80,5345,1.5,0.771,0.245,2.425,0.768,0.9999999999913258,1.0
PIK3C2G_AMP,True,0,260,0.0,15,5345,0.28,,,,0.0,0.9999999999913757,1.0
PIK3R1_HOMDEL_OR_DEEP,True,0,260,0.0,15,5345,0.28,,,,0.0,0.9999999999913757,1.0
SOX9_HOMDEL_OR_DEEP,True,0,260,0.0,15,5345,0.28,,,,0.0,0.9999999999913757,1.0
SPOP_MUT,True,0,260,0.0,15,5345,0.28,,,,0.0,0.9999999999913757,1.0
KDM5C_MUT,True,3,260,1.15,61,5345,1.14,1.011,0.319,3.201,1.011,0.9999999999914579,1.0
CTCF_MUT,True,2,260,0.77,55,5345,1.03,0.748,0.183,3.048,0.746,0.9999999999917464,1.0
TENT5C_MUT,True,1,260,0.38,21,5345,0.39,0.979,0.132,7.25,0.979,0.999999999991931,1.0
FGFR2_AMP,True,0,260,0.0,12,5345,0.22,,,,0.0,0.9999999999922216,1.0
MCL1_AMP,True,0,260,0.0,12,5345,0.22,,,,0.0,0.9999999999922216,1.0
SMARCA4_AMP,True,0,260,0.0,12,5345,0.22,,,,0.0,0.9999999999922216,1.0
NSD3_HOMDEL_OR_DEEP,False,1,211,0.47,33,4512,0.73,0.648,0.089,4.715,0.646,0.9999999999924183,1.0
CDK4_MUT,True,0,260,0.0,14,5345,0.26,,,,0.0,0.9999999999924384,1.0
PAK1_AMP,True,0,260,0.0,14,5345,0.26,,,,0.0,0.9999999999924384,1.0
H1-2_MUT,True,1,260,0.38,34,5345,0.64,0.605,0.083,4.4,0.603,0.9999999999925424,1.0
CDK8_AMP,True,10,260,3.85,218,5345,4.08,0.943,0.507,1.756,0.941,0.9999999999928583,1.0
MSI2_MUT,False,0,211,0.0,7,4512,0.16,,,,0.0,0.9999999999929887,1.0
NTHL1_MUT,False,0,211,0.0,7,4512,0.16,,,,0.0,0.9999999999929887,1.0
TEK_HOMDEL_OR_DEEP,False,0,211,0.0,7,4512,0.16,,,,0.0,0.9999999999929887,1.0
PDGFRB_MUT,True,2,260,0.77,47,5345,0.88,0.875,0.214,3.582,0.874,0.9999999999934047,1.0
RAF1_MUT,True,2,260,0.77,47,5345,0.88,0.875,0.214,3.582,0.874,0.9999999999934047,1.0
SOX17_AMP,True,2,260,0.77,47,5345,0.88,0.875,0.214,3.582,0.874,0.9999999999934047,1.0
FGF19_AMP,True,2,260,0.77,40,5345,0.75,1.028,0.25,4.23,1.028,0.9999999999934817,1.0
PRKN_MUT,True,3,260,1.15,65,5345,1.22,0.949,0.3,2.999,0.948,0.9999999999935806,1.0
MSH2_MUT,True,1,260,0.38,39,5345,0.73,0.527,0.073,3.822,0.525,0.9999999999938574,1.0
RPS6KA4_MUT,True,1,260,0.38,39,5345,0.73,0.527,0.073,3.822,0.525,0.9999999999938574,1.0
RAD52_AMP,True,5,260,1.92,111,5345,2.08,0.926,0.381,2.249,0.925,0.9999999999947989,1.0
EED_MUT,True,0,260,0.0,20,5345,0.37,,,,0.0,0.9999999999948673,1.0
FOXA1_MUT,True,0,260,0.0,20,5345,0.37,,,,0.0,0.9999999999948673,1.0
DNMT3B_MUT,True,2,260,0.77,59,5345,1.1,0.697,0.171,2.836,0.695,0.999999999995409,1.0
CDK12_MUT,True,2,260,0.77,56,5345,1.05,0.734,0.18,2.992,0.732,0.999999999995788,1.0
PPP2R1A_MUT,True,2,260,0.77,56,5345,1.05,0.734,0.18,2.992,0.732,0.999999999995788,1.0
PTP4A1_MUT,False,0,211,0.0,11,4512,0.24,,,,0.0,0.999999999995839,1.0
KMT5A_MUT,False,0,211,0.0,15,4512,0.33,,,,0.0,0.9999999999959001,1.0
ASXL2_MUT,True,3,260,1.15,73,5345,1.37,0.845,0.268,2.663,0.843,0.9999999999961151,1.0
ARID5B_AMP,True,0,260,0.0,6,5345,0.11,,,,0.0,0.999999999996391,1.0
BCL2L1_MUT,True,0,260,0.0,6,5345,0.11,,,,0.0,0.999999999996391,1.0
BCL2_MUT,True,0,260,0.0,6,5345,0.11,,,,0.0,0.999999999996391,1.0
EGFL7_AMP,True,0,260,0.0,6,5345,0.11,,,,0.0,0.999999999996391,1.0
EPCAM_AMP,True,0,260,0.0,6,5345,0.11,,,,0.0,0.999999999996391,1.0
EPHA5_HOMDEL_OR_DEEP,True,0,260,0.0,6,5345,0.11,,,,0.0,0.999999999996391,1.0
FGF19_MUT,True,0,260,0.0,6,5345,0.11,,,,0.0,0.999999999996391,1.0
RYBP_AMP,True,0,260,0.0,6,5345,0.11,,,,0.0,0.999999999996391,1.0
SDHAF2_MUT,True,0,260,0.0,6,5345,0.11,,,,0.0,0.999999999996391,1.0
SDHD_MUT,True,0,260,0.0,6,5345,0.11,,,,0.0,0.999999999996391,1.0
SOCS1_MUT,True,0,260,0.0,6,5345,0.11,,,,0.0,0.999999999996391,1.0
VHL_MUT,True,0,260,0.0,6,5345,0.11,,,,0.0,0.999999999996391,1.0
YES1_HOMDEL_OR_DEEP,True,0,260,0.0,6,5345,0.11,,,,0.0,0.999999999996391,1.0
ELF3_AMP,False,0,211,0.0,17,4512,0.38,,,,0.0,0.9999999999966667,1.0
PPARG_MUT,False,0,211,0.0,17,4512,0.38,,,,0.0,0.9999999999966667,1.0
RXRA_MUT,False,0,211,0.0,17,4512,0.38,,,,0.0,0.9999999999966667,1.0
UPF1_MUT,False,1,211,0.47,40,4512,0.89,0.535,0.074,3.87,0.532,0.9999999999967246,1.0
ATRX_MUT,True,7,260,2.69,148,5345,2.77,0.972,0.46,2.054,0.972,0.9999999999971005,1.0
AURKB_HOMDEL_OR_DEEP,True,0,260,0.0,10,5345,0.19,,,,0.0,0.999999999997221,1.0
MAPK1_MUT,True,0,260,0.0,10,5345,0.19,,,,0.0,0.999999999997221,1.0
NKX2-1_HOMDEL_OR_DEEP,True,0,260,0.0,10,5345,0.19,,,,0.0,0.999999999997221,1.0
NOTCH2_AMP,True,0,260,0.0,10,5345,0.19,,,,0.0,0.999999999997221,1.0
RYBP_MUT,True,0,260,0.0,10,5345,0.19,,,,0.0,0.999999999997221,1.0
VTCN1_MUT,True,0,260,0.0,10,5345,0.19,,,,0.0,0.999999999997221,1.0
WHR1_MUT,False,0,211,0.0,12,4512,0.27,,,,0.0,0.9999999999973016,1.0
H3C10_MUT,False,0,251,0.0,11,5193,0.21,,,,0.0,0.9999999999975889,1.0
CARM1_AMP,False,0,211,0.0,10,4512,0.22,,,,0.0,0.9999999999976573,1.0
FGFR2_MUT,True,1,260,0.38,36,5345,0.67,0.571,0.079,4.149,0.569,0.9999999999978958,1.0
BABAM1_AMP,False,0,211,0.0,5,4512,0.11,,,,0.0,0.9999999999980227,1.0
CSDE1_AMP,False,0,211,0.0,5,4512,0.11,,,,0.0,0.9999999999980227,1.0
MSH3_HOMDEL_OR_DEEP,False,0,211,0.0,5,4512,0.11,,,,0.0,0.9999999999980227,1.0
PRKD1_HOMDEL_OR_DEEP,False,0,211,0.0,5,4512,0.11,,,,0.0,0.9999999999980227,1.0
APLNR_MUT,False,0,92,0.0,9,2012,0.45,,,,0.0,0.9999999999981353,1.0
HLA-C_MUT,False,0,92,0.0,9,2012,0.45,,,,0.0,0.9999999999981353,1.0
SPRTN_MUT,False,0,92,0.0,9,2012,0.45,,,,0.0,0.9999999999981353,1.0
CDC42_MUT,False,0,211,0.0,6,4512,0.13,,,,0.0,0.9999999999981484,1.0
MST1_MUT,False,1,251,0.4,28,5193,0.54,0.739,0.101,5.409,0.738,0.9999999999982461,1.0
SPRED1_MUT,False,1,211,0.47,22,4512,0.49,0.972,0.132,7.177,0.972,0.9999999999983229,1.0
KMT2B_MUT,False,5,211,2.37,123,4512,2.73,0.869,0.359,2.103,0.866,0.9999999999983983,1.0
EPAS1_MUT,False,1,211,0.47,27,4512,0.6,0.792,0.108,5.801,0.791,0.999999999998703,1.0
NCOR1_MUT,True,5,260,1.92,112,5345,2.1,0.918,0.378,2.229,0.916,0.9999999999988316,1.0
MAPKAP1_MUT,False,0,211,0.0,18,4512,0.4,,,,0.0,0.9999999999990056,1.0
RRAS2_MUT,False,0,211,0.0,18,4512,0.4,,,,0.0,0.9999999999990056,1.0
MLLT1_MUT,False,0,92,0.0,8,2012,0.4,,,,0.0,0.9999999999990566,1.0
TNFAIP3_MUT,True,1,260,0.38,35,5345,0.65,0.587,0.081,4.271,0.586,0.9999999999991759,1.0
KBTBD4_MUT,False,0,92,0.0,6,2012,0.3,,,,0.0,0.9999999999992409,1.0
EIF4E_MUT,False,0,251,0.0,12,5193,0.23,,,,0.0,0.999999999999455,1.0
H3C11_MUT,False,0,251,0.0,12,5193,0.23,,,,0.0,0.999999999999455,1.0
H3C6_MUT,False,0,251,0.0,12,5193,0.23,,,,0.0,0.999999999999455,1.0
BCL10_MUT,False,0,251,0.0,13,5193,0.25,,,,0.0,0.9999999999995199,1.0
GAB1_AMP,False,0,92,0.0,5,2012,0.25,,,,0.0,0.9999999999995269,1.0
LZTR1_AMP,False,0,92,0.0,5,2012,0.25,,,,0.0,0.9999999999995269,1.0
MTAP_MUT,False,0,92,0.0,5,2012,0.25,,,,0.0,0.9999999999995269,1.0
PHF6_MUT,False,0,92,0.0,5,2012,0.25,,,,0.0,0.9999999999995269,1.0
SMARCE1_MUT,False,0,92,0.0,5,2012,0.25,,,,0.0,0.9999999999995269,1.0
APC_HOMDEL_OR_DEEP,True,1,260,0.38,37,5345,0.69,0.556,0.077,4.034,0.554,0.9999999999995441,1.0
SMARCE1_AMP,False,0,92,0.0,17,2012,0.84,,,,0.0,0.9999999999999793,1.0
ACVR1_MUT,False,1,251,0.4,22,5193,0.42,0.94,0.127,6.949,0.94,1.0,1.0
BABAM1_MUT,False,0,211,0.0,13,4512,0.29,,,,0.0,1.0,1.0
CALR_AMP,False,0,251,0.0,10,5193,0.19,,,,0.0,1.0,1.0
CALR_MUT,False,1,251,0.4,22,5193,0.42,0.94,0.127,6.949,0.94,1.0,1.0
CCNQ_AMP,False,0,211,0.0,14,4512,0.31,,,,0.0,1.0,1.0
CEBPA_MUT,False,0,251,0.0,18,5193,0.35,,,,0.0,1.0,1.0
CENPA_MUT,False,0,251,0.0,5,5193,0.1,,,,0.0,1.0,1.0
CSF3R_AMP,False,0,251,0.0,7,5193,0.13,,,,0.0,1.0,1.0
DUSP4_MUT,False,0,211,0.0,13,4512,0.29,,,,0.0,1.0,1.0
EZH1_MUT,False,1,211,0.47,25,4512,0.55,0.855,0.116,6.283,0.855,1.0,1.0
GAB1_MUT,False,0,92,0.0,14,2012,0.7,,,,0.0,1.0,1.0
GAB2_AMP,False,0,92,0.0,10,2012,0.5,,,,0.0,1.0,1.0
GAB2_MUT,False,0,92,0.0,14,2012,0.7,,,,0.0,1.0,1.0
GPS2_HOMDEL_OR_DEEP,False,0,251,0.0,10,5193,0.19,,,,0.0,1.0,1.0
GPS2_MUT,False,0,251,0.0,15,5193,0.29,,,,0.0,1.0,1.0
H3-3A_MUT,False,0,251,0.0,10,5193,0.19,,,,0.0,1.0,1.0
H3-3B_MUT,False,0,251,0.0,5,5193,0.1,,,,0.0,1.0,1.0
H3C13_AMP,False,0,251,0.0,5,5193,0.1,,,,0.0,1.0,1.0
H3C14_AMP,False,0,251,0.0,5,5193,0.1,,,,0.0,1.0,1.0
H3C1_MUT,False,0,251,0.0,6,5193,0.12,,,,0.0,1.0,1.0
H3C4_MUT,False,0,251,0.0,8,5193,0.15,,,,0.0,1.0,1.0
H3C7_MUT,False,0,251,0.0,8,5193,0.15,,,,0.0,1.0,1.0
HLA-A_MUT,False,2,251,0.8,41,5193,0.79,1.009,0.245,4.149,1.009,1.0,1.0
HOXB13_MUT,False,0,251,0.0,10,5193,0.19,,,,0.0,1.0,1.0
MALT1_HOMDEL_OR_DEEP,False,1,251,0.4,34,5193,0.65,0.609,0.084,4.427,0.607,1.0,1.0
NFKBIA_AMP,False,0,251,0.0,7,5193,0.13,,,,0.0,1.0,1.0
POLD1_MUT,False,2,251,0.8,55,5193,1.06,0.752,0.185,3.067,0.75,1.0,1.0
POT1_MUT,False,0,92,0.0,12,2012,0.6,,,,0.0,1.0,1.0
PPP6C_MUT,False,1,251,0.4,20,5193,0.39,1.034,0.139,7.677,1.035,1.0,1.0
RRAGC_MUT,False,1,211,0.47,26,4512,0.58,0.822,0.112,6.032,0.822,1.0,1.0
SERPINB3_HOMDEL_OR_DEEP,False,0,92,0.0,11,2012,0.55,,,,0.0,1.0,1.0
SERPINB3_MUT,False,0,92,0.0,12,2012,0.6,,,,0.0,1.0,1.0
SERPINB4_HOMDEL_OR_DEEP,False,0,92,0.0,12,2012,0.6,,,,0.0,1.0,1.0
SERPINB4_MUT,False,0,92,0.0,11,2012,0.55,,,,0.0,1.0,1.0
SESN1_MUT,False,1,211,0.47,31,4512,0.69,0.69,0.095,5.029,0.688,1.0,1.0
SESN2_MUT,False,0,211,0.0,13,4512,0.29,,,,0.0,1.0,1.0
SHOC2_MUT,False,0,211,0.0,21,4512,0.47,,,,0.0,1.0,1.0
SMYD3_MUT,False,1,211,0.47,21,4512,0.47,1.018,0.138,7.534,1.018,1.0,1.0
STAT3_AMP,False,0,251,0.0,5,5193,0.1,,,,0.0,1.0,1.0
STAT5A_AMP,False,0,251,0.0,5,5193,0.1,,,,0.0,1.0,1.0
STAT5B_AMP,False,0,251,0.0,5,5193,0.1,,,,0.0,1.0,1.0
TCF7L2_HOMDEL_OR_DEEP,False,0,251,0.0,5,5193,0.1,,,,0.0,1.0,1.0
TRAF2_AMP,False,0,251,0.0,8,5193,0.15,,,,0.0,1.0,1.0
TRAF2_MUT,False,1,251,0.4,21,5193,0.4,0.985,0.133,7.295,0.985,1.0,1.0
USP8_MUT,False,0,92,0.0,19,2012,0.94,,,,0.0,1.0,1.0
ZRSR2_AMP,False,0,251,0.0,7,5193,0.13,,,,0.0,1.0,1.0
ABL1_HOMDEL,True,0,260,0.0,2,5345,0.04,,,,0.0,,
ABL1_HOMDEL_OR_DEEP,True,0,260,0.0,2,5345,0.04,,,,0.0,,
ABRAXAS1_AMP,True,0,260,0.0,1,5345,0.02,,,,0.0,,
ACVR1_HOMDEL,False,0,251,0.0,2,5193,0.04,,,,0.0,,
ACVR1_HOMDEL_OR_DEEP,False,0,251,0.0,2,5193,0.04,,,,0.0,,
AGO1_AMP,False,0,92,0.0,3,2012,0.15,,,,0.0,,
AGO2_HOMDEL,False,0,211,0.0,2,4512,0.04,,,,0.0,,
AGO2_HOMDEL_OR_DEEP,False,1,211,0.47,2,4512,0.04,10.692,0.973,117.451,10.738,,
AKT1_HOMDEL,True,0,260,0.0,3,5345,0.06,,,,0.0,,
AKT1_HOMDEL_OR_DEEP,True,0,260,0.0,3,5345,0.06,,,,0.0,,
AKT3_HOMDEL,True,0,260,0.0,3,5345,0.06,,,,0.0,,
AKT3_HOMDEL_OR_DEEP,True,0,260,0.0,3,5345,0.06,,,,0.0,,
ALB_AMP,False,0,92,0.0,2,2012,0.1,,,,0.0,,
ALOX12B_AMP,True,0,260,0.0,1,5345,0.02,,,,0.0,,
ALOX12B_HOMDEL,True,0,260,0.0,11,5345,0.21,,,,0.0,,
AMER1_AMP,True,0,260,0.0,2,5345,0.04,,,,0.0,,
AMER1_HOMDEL,True,0,260,0.0,8,5345,0.15,,,,0.0,,
ANKRD11_AMP,False,0,251,0.0,2,5193,0.04,,,,0.0,,
APC_AMP,True,0,260,0.0,1,5345,0.02,,,,0.0,,
APC_HOMDEL,True,0,260,0.0,30,5345,0.56,,,,0.0,,
APLNR_AMP,False,0,92,0.0,1,2012,0.05,,,,0.0,,
APLNR_HOMDEL,False,1,92,1.09,1,2012,0.05,21.87,1.379,346.91,22.099,,
APLNR_HOMDEL_OR_DEEP,False,1,92,1.09,1,2012,0.05,21.87,1.379,346.91,22.099,,
ARAF_HOMDEL,True,0,260,0.0,4,5345,0.07,,,,0.0,,
ARAF_HOMDEL_OR_DEEP,True,0,260,0.0,4,5345,0.07,,,,0.0,,
ARID1A_HOMDEL,True,2,260,0.77,13,5345,0.24,3.163,0.717,13.943,3.179,,
ARID1B_AMP,True,1,260,0.38,0,5345,0.0,,,,,,
ARID1B_HOMDEL,True,0,260,0.0,1,5345,0.02,,,,0.0,,
ARID1B_HOMDEL_OR_DEEP,True,0,260,0.0,3,5345,0.06,,,,0.0,,
ARID2_AMP,True,0,260,0.0,2,5345,0.04,,,,0.0,,
ARID2_HOMDEL,True,0,260,0.0,1,5345,0.02,,,,0.0,,
ARID2_HOMDEL_OR_DEEP,True,1,260,0.38,1,5345,0.02,20.558,1.289,327.765,20.633,,
ARID5B_HOMDEL,True,0,260,0.0,5,5345,0.09,,,,0.0,,
AR_AMP,True,0,260,0.0,1,5345,0.02,,,,0.0,,
AR_HOMDEL,True,0,260,0.0,4,5345,0.07,,,,0.0,,
AR_HOMDEL_OR_DEEP,True,0,260,0.0,4,5345,0.07,,,,0.0,,
ASXL2_HOMDEL,True,0,260,0.0,1,5345,0.02,,,,0.0,,
ASXL2_HOMDEL_OR_DEEP,True,0,260,0.0,1,5345,0.02,,,,0.0,,
ATM_AMP,True,0,260,0.0,1,5345,0.02,,,,0.0,,
ATM_HOMDEL_OR_DEEP,True,0,260,0.0,2,5345,0.04,,,,0.0,,
ATXN7_AMP,False,0,92,0.0,3,2012,0.15,,,,0.0,,
AURKB_AMP,True,0,260,0.0,1,5345,0.02,,,,0.0,,
AURKB_HOMDEL,True,0,260,0.0,10,5345,0.19,,,,0.0,,
AXIN1_AMP,True,2,260,0.77,2,5345,0.04,20.558,2.907,145.369,20.709,,
AXIN1_HOMDEL,True,1,260,0.38,5,5345,0.09,4.112,0.482,35.067,4.124,,
AXIN2_HOMDEL,True,1,260,0.38,1,5345,0.02,20.558,1.289,327.765,20.633,,
AXIN2_HOMDEL_OR_DEEP,True,1,260,0.38,2,5345,0.04,10.279,0.935,112.997,10.315,,
AXL_AMP,True,2,260,0.77,2,5345,0.04,20.558,2.907,145.369,20.709,,
B2M_AMP,True,1,260,0.38,0,5345,0.0,,,,,,
B2M_HOMDEL,True,0,260,0.0,9,5345,0.17,,,,0.0,,
BAP1_HOMDEL,True,0,260,0.0,2,5345,0.04,,,,0.0,,
BAP1_HOMDEL_OR_DEEP,True,0,260,0.0,2,5345,0.04,,,,0.0,,
BBC3_HOMDEL,True,0,260,0.0,1,5345,0.02,,,,0.0,,
BBC3_HOMDEL_OR_DEEP,True,0,260,0.0,1,5345,0.02,,,,0.0,,
BCL10_HOMDEL,False,0,251,0.0,2,5193,0.04,,,,0.0,,
BCL10_HOMDEL_OR_DEEP,False,0,251,0.0,2,5193,0.04,,,,0.0,,
BCL2_AMP,True,1,260,0.38,0,5345,0.0,,,,,,
BCL2_HOMDEL,True,0,260,0.0,37,5345,0.69,,,,0.0,,
BCL6_AMP,True,0,260,0.0,1,5345,0.02,,,,0.0,,
BCL6_HOMDEL,True,0,260,0.0,1,5345,0.02,,,,0.0,,
BCL6_HOMDEL_OR_DEEP,True,0,260,0.0,1,5345,0.02,,,,0.0,,
BCOR_HOMDEL,True,0,260,0.0,3,5345,0.06,,,,0.0,,
BCOR_HOMDEL_OR_DEEP,True,0,260,0.0,3,5345,0.06,,,,0.0,,
BMPR1A_AMP,True,0,260,0.0,4,5345,0.07,,,,0.0,,
BMPR1A_HOMDEL,True,1,260,0.38,6,5345,0.11,3.426,0.414,28.356,3.436,,
BRCA1_HOMDEL,True,0,260,0.0,1,5345,0.02,,,,0.0,,
BRCA1_HOMDEL_OR_DEEP,True,0,260,0.0,2,5345,0.04,,,,0.0,,
BRIP1_AMP,True,0,260,0.0,2,5345,0.04,,,,0.0,,
BTK_AMP,True,0,260,0.0,2,5345,0.04,,,,0.0,,
BTK_HOMDEL,True,0,260,0.0,1,5345,0.02,,,,0.0,,
BTK_HOMDEL_OR_DEEP,True,0,260,0.0,1,5345,0.02,,,,0.0,,
CASP8_AMP,True,0,260,0.0,2,5345,0.04,,,,0.0,,
CBFB_HOMDEL_OR_DEEP,True,0,260,0.0,1,5345,0.02,,,,0.0,,
CBL_HOMDEL,True,0,260,0.0,1,5345,0.02,,,,0.0,,
CBL_HOMDEL_OR_DEEP,True,0,260,0.0,1,5345,0.02,,,,0.0,,
CCND1_HOMDEL,True,0,260,0.0,1,5345,0.02,,,,0.0,,
CCND1_HOMDEL_OR_DEEP,True,0,260,0.0,1,5345,0.02,,,,0.0,,
CCND3_HOMDEL,True,0,260,0.0,1,5345,0.02,,,,0.0,,
CCND3_HOMDEL_OR_DEEP,True,0,260,0.0,1,5345,0.02,,,,0.0,,
CCND3_MUT,True,1,260,0.38,3,5345,0.06,6.853,0.715,65.655,6.875,,
CD274_HOMDEL,True,1,260,0.38,1,5345,0.02,20.558,1.289,327.765,20.633,,
CD274_HOMDEL_OR_DEEP,True,1,260,0.38,1,5345,0.02,20.558,1.289,327.765,20.633,,
CD276_HOMDEL,True,0,260,0.0,1,5345,0.02,,,,0.0,,
CD276_HOMDEL_OR_DEEP,True,0,260,0.0,1,5345,0.02,,,,0.0,,
CD79A_HOMDEL,False,0,251,0.0,3,5193,0.06,,,,0.0,,
CD79A_HOMDEL_OR_DEEP,False,0,251,0.0,3,5193,0.06,,,,0.0,,
CD79B_HOMDEL,True,0,260,0.0,2,5345,0.04,,,,0.0,,
CD79B_HOMDEL_OR_DEEP,True,0,260,0.0,2,5345,0.04,,,,0.0,,
CDC42_HOMDEL,False,0,211,0.0,2,4512,0.04,,,,0.0,,
CDC42_HOMDEL_OR_DEEP,False,0,211,0.0,2,4512,0.04,,,,0.0,,
CDH1_HOMDEL,True,0,260,0.0,1,5345,0.02,,,,0.0,,
CDH1_HOMDEL_OR_DEEP,True,0,260,0.0,3,5345,0.06,,,,0.0,,
CDK4_AMP,True,0,260,0.0,2,5345,0.04,,,,0.0,,
CDK8_HOMDEL,True,0,260,0.0,1,5345,0.02,,,,0.0,,
CDK8_HOMDEL_OR_DEEP,True,0,260,0.0,1,5345,0.02,,,,0.0,,
CDKN1A_AMP,True,0,260,0.0,4,5345,0.07,,,,0.0,,
CDKN1A_MUT,True,0,260,0.0,2,5345,0.04,,,,0.0,,
CDKN1B_HOMDEL,True,1,260,0.38,9,5345,0.17,2.284,0.29,17.962,2.289,,
CDKN2A_AMP,True,0,260,0.0,3,5345,0.06,,,,0.0,,
CDKN2A_HOMDEL,True,8,260,3.08,59,5345,1.1,2.787,1.346,5.772,2.844,,
CDKN2B_AMP,True,0,260,0.0,3,5345,0.06,,,,0.0,,
CDKN2B_HOMDEL,True,8,260,3.08,57,5345,1.07,2.885,1.391,5.984,2.945,,
CDKN2C_AMP,True,0,260,0.0,1,5345,0.02,,,,0.0,,
CENPA_AMP,False,0,251,0.0,1,5193,0.02,,,,0.0,,
CHEK1_AMP,True,0,260,0.0,1,5345,0.02,,,,0.0,,
CHEK1_HOMDEL,True,1,260,0.38,0,5345,0.0,,,,,,
CHEK1_HOMDEL_OR_DEEP,True,1,260,0.38,0,5345,0.0,,,,,,
CHEK2_AMP,True,0,260,0.0,2,5345,0.04,,,,0.0,,
COP1_AMP,True,0,260,0.0,3,5345,0.06,,,,0.0,,
CREBBP_AMP,True,0,260,0.0,2,5345,0.04,,,,0.0,,
CREBBP_HOMDEL,True,1,260,0.38,0,5345,0.0,,,,,,
CREBBP_HOMDEL_OR_DEEP,True,1,260,0.38,0,5345,0.0,,,,,,
CRLF2_HOMDEL,True,0,260,0.0,11,5345,0.21,,,,0.0,,
CSDE1_HOMDEL,False,0,211,0.0,3,4512,0.07,,,,0.0,,
CSDE1_HOMDEL_OR_DEEP,False,0,211,0.0,3,4512,0.07,,,,0.0,,
CSF1R_HOMDEL,True,0,260,0.0,3,5345,0.06,,,,0.0,,
CSF1R_HOMDEL_OR_DEEP,True,0,260,0.0,3,5345,0.06,,,,0.0,,
CSF3R_HOMDEL,False,0,251,0.0,2,5193,0.04,,,,0.0,,
CSF3R_HOMDEL_OR_DEEP,False,0,251,0.0,2,5193,0.04,,,,0.0,,
CTLA4_AMP,True,0,260,0.0,2,5345,0.04,,,,0.0,,
CTNNB1_AMP,True,0,260,0.0,4,5345,0.07,,,,0.0,,
CTR9_AMP,False,0,92,0.0,2,2012,0.1,,,,0.0,,
CTR9_HOMDEL_OR_DEEP,False,0,92,0.0,1,2012,0.05,,,,0.0,,
CUL3_AMP,True,0,260,0.0,1,5345,0.02,,,,0.0,,
CXCR4_AMP,False,0,251,0.0,1,5193,0.02,,,,0.0,,
CXCR4_HOMDEL,False,1,251,0.4,9,5193,0.17,2.299,0.292,18.075,2.304,,
CYLD_HOMDEL,False,1,211,0.47,0,4512,0.0,,,,,,
CYLD_HOMDEL_OR_DEEP,False,1,211,0.47,0,4512,0.0,,,,,,
CYP19A1_HOMDEL,False,0,92,0.0,1,2012,0.05,,,,0.0,,
CYP19A1_HOMDEL_OR_DEEP,False,0,92,0.0,1,2012,0.05,,,,0.0,,
CYSLTR2_HOMDEL,False,1,211,0.47,3,4512,0.07,7.128,0.745,68.24,7.157,,
CYSLTR2_HOMDEL_OR_DEEP,False,1,211,0.47,3,4512,0.07,7.128,0.745,68.24,7.157,,
DAXX_AMP,True,0,260,0.0,2,5345,0.04,,,,0.0,,
DCUN1D1_AMP,True,0,260,0.0,1,5345,0.02,,,,0.0,,
DCUN1D1_HOMDEL,True,0,260,0.0,1,5345,0.02,,,,0.0,,
DCUN1D1_HOMDEL_OR_DEEP,True,0,260,0.0,1,5345,0.02,,,,0.0,,
DDR2_AMP,True,0,260,0.0,1,5345,0.02,,,,0.0,,
DICER1_HOMDEL,True,1,260,0.38,1,5345,0.02,20.558,1.289,327.765,20.633,,
DICER1_HOMDEL_OR_DEEP,True,1,260,0.38,1,5345,0.02,20.558,1.289,327.765,20.633,,
DNAJB1_HOMDEL,False,0,251,0.0,2,5193,0.04,,,,0.0,,
DNAJB1_HOMDEL_OR_DEEP,False,0,251,0.0,2,5193,0.04,,,,0.0,,
DNMT3A_AMP,True,0,260,0.0,1,5345,0.02,,,,0.0,,
DNMT3A_HOMDEL,True,0,260,0.0,1,5345,0.02,,,,0.0,,
DNMT3A_HOMDEL_OR_DEEP,True,0,260,0.0,1,5345,0.02,,,,0.0,,
DOT1L_HOMDEL,True,0,260,0.0,3,5345,0.06,,,,0.0,,
DOT1L_HOMDEL_OR_DEEP,True,0,260,0.0,3,5345,0.06,,,,0.0,,
DROSHA_HOMDEL,False,0,211,0.0,1,4512,0.02,,,,0.0,,
DROSHA_HOMDEL_OR_DEEP,False,0,211,0.0,2,4512,0.04,,,,0.0,,
DUSP4_AMP,False,0,211,0.0,4,4512,0.09,,,,0.0,,
DUSP4_HOMDEL,False,3,211,1.42,152,4512,3.37,0.422,0.136,1.312,0.414,,
EED_AMP,True,0,260,0.0,2,5345,0.04,,,,0.0,,
EGFR_HOMDEL,True,0,260,0.0,1,5345,0.02,,,,0.0,,
EGFR_HOMDEL_OR_DEEP,True,0,260,0.0,1,5345,0.02,,,,0.0,,
EIF1AX_HOMDEL,True,1,260,0.38,5,5345,0.09,4.112,0.482,35.067,4.124,,
EIF4A2_AMP,False,1,251,0.4,1,5193,0.02,20.689,1.298,329.83,20.768,,
EIF4A2_HOMDEL,False,0,251,0.0,1,5193,0.02,,,,0.0,,
EIF4A2_HOMDEL_OR_DEEP,False,0,251,0.0,1,5193,0.02,,,,0.0,,
ELF3_HOMDEL,False,0,211,0.0,1,4512,0.02,,,,0.0,,
ELF3_HOMDEL_OR_DEEP,False,0,211,0.0,1,4512,0.02,,,,0.0,,
ELOC_MUT,False,0,251,0.0,4,5193,0.08,,,,0.0,,
EP300_HOMDEL,True,0,260,0.0,3,5345,0.06,,,,0.0,,
EP300_HOMDEL_OR_DEEP,True,0,260,0.0,4,5345,0.07,,,,0.0,,
EPAS1_AMP,False,0,211,0.0,2,4512,0.04,,,,0.0,,
EPHA3_HOMDEL,True,0,260,0.0,3,5345,0.06,,,,0.0,,
EPHA3_HOMDEL_OR_DEEP,True,0,260,0.0,3,5345,0.06,,,,0.0,,
EPHA5_AMP,True,0,260,0.0,1,5345,0.02,,,,0.0,,
EPHA5_HOMDEL,True,0,260,0.0,6,5345,0.11,,,,0.0,,
EPHA7_HOMDEL,False,1,251,0.4,4,5193,0.08,5.172,0.58,46.109,5.189,,
EPHB1_AMP,True,0,260,0.0,1,5345,0.02,,,,0.0,,
EPHB1_HOMDEL,True,0,260,0.0,2,5345,0.04,,,,0.0,,
EPHB1_HOMDEL_OR_DEEP,True,0,260,0.0,2,5345,0.04,,,,0.0,,
ERBB3_AMP,True,0,260,0.0,3,5345,0.06,,,,0.0,,
ERCC3_AMP,True,0,260,0.0,1,5345,0.02,,,,0.0,,
ERCC3_HOMDEL,True,0,260,0.0,3,5345,0.06,,,,0.0,,
ERCC3_HOMDEL_OR_DEEP,True,0,260,0.0,3,5345,0.06,,,,0.0,,
ERCC5_HOMDEL,True,0,260,0.0,2,5345,0.04,,,,0.0,,
ERCC5_HOMDEL_OR_DEEP,True,0,260,0.0,2,5345,0.04,,,,0.0,,
ERG_HOMDEL,True,0,260,0.0,4,5345,0.07,,,,0.0,,
ERG_HOMDEL_OR_DEEP,True,0,260,0.0,4,5345,0.07,,,,0.0,,
ERRFI1_AMP,False,0,251,0.0,2,5193,0.04,,,,0.0,,
ERRFI1_HOMDEL,False,0,251,0.0,2,5193,0.04,,,,0.0,,
ERRFI1_HOMDEL_OR_DEEP,False,0,251,0.0,2,5193,0.04,,,,0.0,,
ESR1_AMP,True,2,260,0.77,2,5345,0.04,20.558,2.907,145.369,20.709,,
ESR1_HOMDEL,True,0,260,0.0,2,5345,0.04,,,,0.0,,
ESR1_HOMDEL_OR_DEEP,True,0,260,0.0,2,5345,0.04,,,,0.0,,
ETAA1_AMP,False,0,92,0.0,2,2012,0.1,,,,0.0,,
ETV6_HOMDEL,True,1,260,0.38,2,5345,0.04,10.279,0.935,112.997,10.315,,
ETV6_HOMDEL_OR_DEEP,True,1,260,0.38,2,5345,0.04,10.279,0.935,112.997,10.315,,
EZH1_HOMDEL,False,0,211,0.0,1,4512,0.02,,,,0.0,,
EZH1_HOMDEL_OR_DEEP,False,0,211,0.0,1,4512,0.02,,,,0.0,,
EZH2_HOMDEL,True,0,260,0.0,1,5345,0.02,,,,0.0,,
EZH2_HOMDEL_OR_DEEP,True,0,260,0.0,1,5345,0.02,,,,0.0,,
EZHIP_AMP,False,0,92,0.0,1,2012,0.05,,,,0.0,,
EZHIP_HOMDEL,False,0,92,0.0,1,2012,0.05,,,,0.0,,
EZHIP_HOMDEL_OR_DEEP,False,0,92,0.0,1,2012,0.05,,,,0.0,,
FANCA_AMP,True,0,260,0.0,1,5345,0.02,,,,0.0,,
FANCC_HOMDEL,True,0,260,0.0,1,5345,0.02,,,,0.0,,
FANCC_HOMDEL_OR_DEEP,True,0,260,0.0,1,5345,0.02,,,,0.0,,
FAT1_HOMDEL,True,2,260,0.77,36,5345,0.67,1.142,0.276,4.718,1.143,,
FBXW7_AMP,True,1,260,0.38,1,5345,0.02,20.558,1.289,327.765,20.633,,
FBXW7_HOMDEL,True,2,260,0.77,5,5345,0.09,8.223,1.603,42.185,8.279,,
FGF19_HOMDEL,True,0,260,0.0,2,5345,0.04,,,,0.0,,
FGF19_HOMDEL_OR_DEEP,True,0,260,0.0,2,5345,0.04,,,,0.0,,
FGF3_HOMDEL,True,0,260,0.0,2,5345,0.04,,,,0.0,,
FGF3_HOMDEL_OR_DEEP,True,0,260,0.0,2,5345,0.04,,,,0.0,,
FGF4_HOMDEL,True,0,260,0.0,2,5345,0.04,,,,0.0,,
FGF4_HOMDEL_OR_DEEP,True,0,260,0.0,2,5345,0.04,,,,0.0,,
FGFR1_HOMDEL,True,3,260,1.15,47,5345,0.88,1.312,0.411,4.188,1.316,,
FGFR3_AMP,True,0,260,0.0,2,5345,0.04,,,,0.0,,
FGFR3_HOMDEL,True,1,260,0.38,9,5345,0.17,2.284,0.29,17.962,2.289,,
FGFR4_AMP,True,0,260,0.0,4,5345,0.07,,,,0.0,,
FGFR4_HOMDEL,True,0,260,0.0,1,5345,0.02,,,,0.0,,
FGFR4_HOMDEL_OR_DEEP,True,0,260,0.0,1,5345,0.02,,,,0.0,,
FH_HOMDEL,True,0,260,0.0,3,5345,0.06,,,,0.0,,
FH_HOMDEL_OR_DEEP,True,0,260,0.0,3,5345,0.06,,,,0.0,,
FLCN_AMP,True,0,260,0.0,2,5345,0.04,,,,0.0,,
FLCN_HOMDEL,True,0,260,0.0,22,5345,0.41,,,,0.0,,
FLT4_AMP,True,0,260,0.0,1,5345,0.02,,,,0.0,,
FLT4_HOMDEL,True,0,260,0.0,7,5345,0.13,,,,0.0,,
FOXA1_HOMDEL,True,0,260,0.0,5,5345,0.09,,,,0.0,,
FOXO1_HOMDEL,False,0,251,0.0,1,5193,0.02,,,,0.0,,
FOXO1_HOMDEL_OR_DEEP,False,0,251,0.0,1,5193,0.02,,,,0.0,,
FOXP1_AMP,True,0,260,0.0,3,5345,0.06,,,,0.0,,
FOXP1_HOMDEL,True,1,260,0.38,0,5345,0.0,,,,,,
FOXP1_HOMDEL_OR_DEEP,True,1,260,0.38,0,5345,0.0,,,,,,
FUBP1_HOMDEL,True,0,260,0.0,5,5345,0.09,,,,0.0,,
FYN_HOMDEL,False,0,251,0.0,1,5193,0.02,,,,0.0,,
FYN_HOMDEL_OR_DEEP,False,0,251,0.0,1,5193,0.02,,,,0.0,,
GATA1_HOMDEL,True,0,260,0.0,4,5345,0.07,,,,0.0,,
GATA1_HOMDEL_OR_DEEP,True,0,260,0.0,4,5345,0.07,,,,0.0,,
GATA3_AMP,True,0,260,0.0,1,5345,0.02,,,,0.0,,
GATA3_HOMDEL,True,0,260,0.0,3,5345,0.06,,,,0.0,,
GATA3_HOMDEL_OR_DEEP,True,0,260,0.0,3,5345,0.06,,,,0.0,,
GNA11_AMP,True,0,260,0.0,1,5345,0.02,,,,0.0,,
GNA11_HOMDEL,True,0,260,0.0,5,5345,0.09,,,,0.0,,
GNAQ_HOMDEL,True,0,260,0.0,1,5345,0.02,,,,0.0,,
GNAQ_HOMDEL_OR_DEEP,True,0,260,0.0,1,5345,0.02,,,,0.0,,
GNB1_AMP,False,0,92,0.0,3,2012,0.15,,,,0.0,,
GPS2_AMP,False,0,251,0.0,1,5193,0.02,,,,0.0,,
GPS2_HOMDEL,False,0,251,0.0,10,5193,0.19,,,,0.0,,
GRIN2A_AMP,True,0,260,0.0,2,5345,0.04,,,,0.0,,
GRIN2A_HOMDEL,True,2,260,0.77,0,5345,0.0,,,,,,
GRIN2A_HOMDEL_OR_DEEP,True,2,260,0.77,0,5345,0.0,,,,,,
H1-2_AMP,True,1,260,0.38,3,5345,0.06,6.853,0.715,65.655,6.875,,
H2BC5_AMP,True,1,260,0.38,3,5345,0.06,6.853,0.715,65.655,6.875,,
H3-3A_HOMDEL,False,0,251,0.0,1,5193,0.02,,,,0.0,,
H3-3A_HOMDEL_OR_DEEP,False,0,251,0.0,1,5193,0.02,,,,0.0,,
H3-3B_AMP,False,0,251,0.0,1,5193,0.02,,,,0.0,,
H3-3B_HOMDEL,False,0,251,0.0,3,5193,0.06,,,,0.0,,
H3-3B_HOMDEL_OR_DEEP,False,0,251,0.0,3,5193,0.06,,,,0.0,,
H3-4_AMP,False,0,251,0.0,1,5193,0.02,,,,0.0,,
H3-4_HOMDEL,False,0,251,0.0,1,5193,0.02,,,,0.0,,
H3-4_HOMDEL_OR_DEEP,False,0,251,0.0,1,5193,0.02,,,,0.0,,
H3C10_AMP,False,0,251,0.0,2,5193,0.04,,,,0.0,,
H3C10_HOMDEL,False,0,251,0.0,1,5193,0.02,,,,0.0,,
H3C10_HOMDEL_OR_DEEP,False,0,251,0.0,1,5193,0.02,,,,0.0,,
H3C11_AMP,False,0,251,0.0,1,5193,0.02,,,,0.0,,
H3C11_HOMDEL,False,0,251,0.0,1,5193,0.02,,,,0.0,,
H3C11_HOMDEL_OR_DEEP,False,0,251,0.0,1,5193,0.02,,,,0.0,,
H3C12_HOMDEL,False,0,251,0.0,1,5193,0.02,,,,0.0,,
H3C12_HOMDEL_OR_DEEP,False,0,251,0.0,1,5193,0.02,,,,0.0,,
H3C13_MUT,False,0,251,0.0,4,5193,0.08,,,,0.0,,
H3C1_AMP,False,1,251,0.4,3,5193,0.06,6.896,0.72,66.067,6.92,,
H3C1_HOMDEL,False,0,251,0.0,1,5193,0.02,,,,0.0,,
H3C1_HOMDEL_OR_DEEP,False,0,251,0.0,1,5193,0.02,,,,0.0,,
H3C2_AMP,True,1,260,0.38,3,5345,0.06,6.853,0.715,65.655,6.875,,
H3C2_HOMDEL,True,0,260,0.0,1,5345,0.02,,,,0.0,,
H3C2_HOMDEL_OR_DEEP,True,0,260,0.0,1,5345,0.02,,,,0.0,,
H3C3_AMP,False,1,251,0.4,3,5193,0.06,6.896,0.72,66.067,6.92,,
H3C4_HOMDEL,False,0,251,0.0,1,5193,0.02,,,,0.0,,
H3C4_HOMDEL_OR_DEEP,False,0,251,0.0,1,5193,0.02,,,,0.0,,
H3C6_HOMDEL,False,0,251,0.0,1,5193,0.02,,,,0.0,,
H3C6_HOMDEL_OR_DEEP,False,0,251,0.0,1,5193,0.02,,,,0.0,,
H3C7_HOMDEL,False,0,251,0.0,1,5193,0.02,,,,0.0,,
H3C7_HOMDEL_OR_DEEP,False,0,251,0.0,1,5193,0.02,,,,0.0,,
H3C8_HOMDEL,False,0,251,0.0,1,5193,0.02,,,,0.0,,
H3C8_HOMDEL_OR_DEEP,False,0,251,0.0,1,5193,0.02,,,,0.0,,
HGF_AMP,True,0,260,0.0,3,5345,0.06,,,,0.0,,
HLA-A_AMP,False,0,251,0.0,1,5193,0.02,,,,0.0,,
HLA-A_HOMDEL,False,0,251,0.0,1,5193,0.02,,,,0.0,,
HLA-A_HOMDEL_OR_DEEP,False,0,251,0.0,3,5193,0.06,,,,0.0,,
HLA-B_AMP,False,0,211,0.0,3,4512,0.07,,,,0.0,,
HLA-B_HOMDEL,False,2,211,0.95,1,4512,0.02,42.768,3.893,469.802,43.167,,
HLA-B_HOMDEL_OR_DEEP,False,2,211,0.95,1,4512,0.02,42.768,3.893,469.802,43.167,,
HLA-C_AMP,False,0,92,0.0,1,2012,0.05,,,,0.0,,
HNF1A_AMP,True,1,260,0.38,1,5345,0.02,20.558,1.289,327.765,20.633,,
HRAS_MUT,True,0,260,0.0,4,5345,0.07,,,,0.0,,
ICOSLG_AMP,True,0,260,0.0,1,5345,0.02,,,,0.0,,
ICOSLG_HOMDEL,True,1,260,0.38,4,5345,0.07,5.139,0.576,45.821,5.155,,
ID3_HOMDEL,False,1,251,0.4,6,5193,0.12,3.448,0.417,28.534,3.458,,
ID3_MUT,False,0,251,0.0,2,5193,0.04,,,,0.0,,
IDH1_HOMDEL,True,0,260,0.0,1,5345,0.02,,,,0.0,,
IDH1_HOMDEL_OR_DEEP,True,0,260,0.0,1,5345,0.02,,,,0.0,,
IGF1_HOMDEL,True,0,260,0.0,1,5345,0.02,,,,0.0,,
IGF1_HOMDEL_OR_DEEP,True,0,260,0.0,1,5345,0.02,,,,0.0,,
IGF2_HOMDEL,True,0,260,0.0,1,5345,0.02,,,,0.0,,
IGF2_HOMDEL_OR_DEEP,True,0,260,0.0,1,5345,0.02,,,,0.0,,
IKBKE_AMP,True,0,260,0.0,3,5345,0.06,,,,0.0,,
IKBKE_HOMDEL,True,0,260,0.0,1,5345,0.02,,,,0.0,,
IKBKE_HOMDEL_OR_DEEP,True,0,260,0.0,1,5345,0.02,,,,0.0,,
IKZF1_HOMDEL,True,0,260,0.0,2,5345,0.04,,,,0.0,,
IKZF1_HOMDEL_OR_DEEP,True,0,260,0.0,2,5345,0.04,,,,0.0,,
IL10_HOMDEL,True,0,260,0.0,1,5345,0.02,,,,0.0,,
IL10_HOMDEL_OR_DEEP,True,0,260,0.0,1,5345,0.02,,,,0.0,,
INHA_AMP,False,0,251,0.0,2,5193,0.04,,,,0.0,,
INPP4A_AMP,True,0,260,0.0,1,5345,0.02,,,,0.0,,
INPP4B_HOMDEL,True,0,260,0.0,3,5345,0.06,,,,0.0,,
INPPL1_AMP,False,0,211,0.0,4,4512,0.09,,,,0.0,,
INPPL1_HOMDEL,False,0,211,0.0,2,4512,0.04,,,,0.0,,
INPPL1_HOMDEL_OR_DEEP,False,0,211,0.0,2,4512,0.04,,,,0.0,,
INSR_HOMDEL,True,0,260,0.0,1,5345,0.02,,,,0.0,,
INSR_HOMDEL_OR_DEEP,True,0,260,0.0,1,5345,0.02,,,,0.0,,
IRF4_AMP,True,0,260,0.0,1,5345,0.02,,,,0.0,,
IRF4_HOMDEL,True,1,260,0.38,3,5345,0.06,6.853,0.715,65.655,6.875,,
IRF4_HOMDEL_OR_DEEP,True,1,260,0.38,3,5345,0.06,6.853,0.715,65.655,6.875,,
JAK1_AMP,True,0,260,0.0,1,5345,0.02,,,,0.0,,
JAK1_HOMDEL,True,0,260,0.0,5,5345,0.09,,,,0.0,,
JAK2_HOMDEL,True,1,260,0.38,1,5345,0.02,20.558,1.289,327.765,20.633,,
JAK2_HOMDEL_OR_DEEP,True,1,260,0.38,1,5345,0.02,20.558,1.289,327.765,20.633,,
JAK3_AMP,True,0,260,0.0,2,5345,0.04,,,,0.0,,
JUN_HOMDEL,True,0,260,0.0,5,5345,0.09,,,,0.0,,
KDM5A_HOMDEL,True,0,260,0.0,3,5345,0.06,,,,0.0,,
KDM5A_HOMDEL_OR_DEEP,True,0,260,0.0,4,5345,0.07,,,,0.0,,
KDM5C_HOMDEL,True,0,260,0.0,2,5345,0.04,,,,0.0,,
KDM5C_HOMDEL_OR_DEEP,True,0,260,0.0,3,5345,0.06,,,,0.0,,
KDM6A_AMP,True,0,260,0.0,4,5345,0.07,,,,0.0,,
KDM6A_HOMDEL,True,0,260,0.0,2,5345,0.04,,,,0.0,,
KDM6A_HOMDEL_OR_DEEP,True,0,260,0.0,2,5345,0.04,,,,0.0,,
KDR_AMP,True,0,260,0.0,1,5345,0.02,,,,0.0,,
KDR_HOMDEL,True,0,260,0.0,1,5345,0.02,,,,0.0,,
KDR_HOMDEL_OR_DEEP,True,0,260,0.0,1,5345,0.02,,,,0.0,,
KIT_HOMDEL,True,0,260,0.0,1,5345,0.02,,,,0.0,,
KIT_HOMDEL_OR_DEEP,True,0,260,0.0,1,5345,0.02,,,,0.0,,
KLF4_AMP,True,0,260,0.0,3,5345,0.06,,,,0.0,,
KLF4_HOMDEL,True,0,260,0.0,1,5345,0.02,,,,0.0,,
KLF4_HOMDEL_OR_DEEP,True,0,260,0.0,1,5345,0.02,,,,0.0,,
KMT2A_AMP,True,0,260,0.0,1,5345,0.02,,,,0.0,,
KMT2C_AMP,True,0,260,0.0,1,5345,0.02,,,,0.0,,
KNSTRN_AMP,False,1,211,0.47,0,4512,0.0,,,,,,
KNSTRN_HOMDEL,False,0,211,0.0,1,4512,0.02,,,,0.0,,
KNSTRN_HOMDEL_OR_DEEP,False,0,211,0.0,2,4512,0.04,,,,0.0,,
LATS1_AMP,True,1,260,0.38,1,5345,0.02,20.558,1.289,327.765,20.633,,
LMO1_AMP,True,1,260,0.38,1,5345,0.02,20.558,1.289,327.765,20.633,,
LMO1_HOMDEL,True,0,260,0.0,1,5345,0.02,,,,0.0,,
LMO1_HOMDEL_OR_DEEP,True,0,260,0.0,1,5345,0.02,,,,0.0,,
MAD2L2_AMP,False,0,92,0.0,1,2012,0.05,,,,0.0,,
MAD2L2_HOMDEL,False,0,92,0.0,1,2012,0.05,,,,0.0,,
MAD2L2_HOMDEL_OR_DEEP,False,0,92,0.0,1,2012,0.05,,,,0.0,,
MAD2L2_MUT,False,0,92,0.0,2,2012,0.1,,,,0.0,,
MALT1_HOMDEL,False,1,251,0.4,34,5193,0.65,0.609,0.084,4.427,0.607,,
MAP2K1_AMP,True,0,260,0.0,2,5345,0.04,,,,0.0,,
MAP2K2_AMP,True,0,260,0.0,1,5345,0.02,,,,0.0,,
MAP2K2_HOMDEL,True,0,260,0.0,4,5345,0.07,,,,0.0,,
MAP2K2_HOMDEL_OR_DEEP,True,0,260,0.0,4,5345,0.07,,,,0.0,,
MAP2K4_HOMDEL,True,1,260,0.38,45,5345,0.84,0.457,0.063,3.301,0.455,,
MAP3K13_HOMDEL,True,0,260,0.0,1,5345,0.02,,,,0.0,,
MAP3K13_HOMDEL_OR_DEEP,True,0,260,0.0,1,5345,0.02,,,,0.0,,
MAP3K1_HOMDEL,True,1,260,0.38,4,5345,0.07,5.139,0.576,45.821,5.155,,
MAPK1_HOMDEL_OR_DEEP,True,0,260,0.0,1,5345,0.02,,,,0.0,,
MAX_AMP,True,0,260,0.0,1,5345,0.02,,,,0.0,,
MAX_HOMDEL,True,0,260,0.0,1,5345,0.02,,,,0.0,,
MAX_HOMDEL_OR_DEEP,True,0,260,0.0,1,5345,0.02,,,,0.0,,
MDC1_AMP,True,1,260,0.38,1,5345,0.02,20.558,1.289,327.765,20.633,,
MDM4_AMP,True,0,260,0.0,1,5345,0.02,,,,0.0,,
MEN1_HOMDEL,True,0,260,0.0,3,5345,0.06,,,,0.0,,
MEN1_HOMDEL_OR_DEEP,True,0,260,0.0,3,5345,0.06,,,,0.0,,
MGA_AMP,False,1,251,0.4,0,5193,0.0,,,,,,
MGA_HOMDEL,False,0,251,0.0,4,5193,0.08,,,,0.0,,
MGA_HOMDEL_OR_DEEP,False,0,251,0.0,4,5193,0.08,,,,0.0,,
MITF_AMP,True,0,260,0.0,4,5345,0.07,,,,0.0,,
MITF_HOMDEL,True,1,260,0.38,0,5345,0.0,,,,,,
MITF_HOMDEL_OR_DEEP,True,1,260,0.38,0,5345,0.0,,,,,,
MSH2_AMP,True,0,260,0.0,4,5345,0.07,,,,0.0,,
MSH3_HOMDEL,False,0,211,0.0,5,4512,0.11,,,,0.0,,
MSH6_AMP,True,0,260,0.0,4,5345,0.07,,,,0.0,,
MSI1_AMP,False,0,211,0.0,1,4512,0.02,,,,0.0,,
MSI2_HOMDEL,False,0,211,0.0,1,4512,0.02,,,,0.0,,
MSI2_HOMDEL_OR_DEEP,False,0,211,0.0,1,4512,0.02,,,,0.0,,
MST1R_HOMDEL,False,0,251,0.0,1,5193,0.02,,,,0.0,,
MST1R_HOMDEL_OR_DEEP,False,0,251,0.0,1,5193,0.02,,,,0.0,,
MST1_HOMDEL,False,0,251,0.0,1,5193,0.02,,,,0.0,,
MST1_HOMDEL_OR_DEEP,False,0,251,0.0,1,5193,0.02,,,,0.0,,
MTAP_AMP,False,0,92,0.0,1,2012,0.05,,,,0.0,,
MTAP_HOMDEL,False,2,92,2.17,11,2012,0.55,3.976,0.894,17.68,4.042,,
MTOR_AMP,True,0,260,0.0,1,5345,0.02,,,,0.0,,
MTOR_HOMDEL,True,0,260,0.0,3,5345,0.06,,,,0.0,,
MTOR_HOMDEL_OR_DEEP,True,0,260,0.0,3,5345,0.06,,,,0.0,,
MUTYH_HOMDEL,True,0,260,0.0,1,5345,0.02,,,,0.0,,
MUTYH_HOMDEL_OR_DEEP,True,0,260,0.0,2,5345,0.04,,,,0.0,,
MYCL_HOMDEL,True,0,260,0.0,1,5345,0.02,,,,0.0,,
MYCL_HOMDEL_OR_DEEP,True,0,260,0.0,1,5345,0.02,,,,0.0,,
MYCN_AMP,True,0,260,0.0,3,5345,0.06,,,,0.0,,
NADK_AMP,False,0,92,0.0,3,2012,0.15,,,,0.0,,
NCOR1_AMP,True,0,260,0.0,1,5345,0.02,,,,0.0,,
NCOR1_HOMDEL,True,0,260,0.0,17,5345,0.32,,,,0.0,,
NEGR1_HOMDEL,False,1,251,0.4,9,5193,0.17,2.299,0.292,18.075,2.304,,
NF1_HOMDEL,True,0,260,0.0,1,5345,0.02,,,,0.0,,
NF1_HOMDEL_OR_DEEP,True,0,260,0.0,4,5345,0.07,,,,0.0,,
NF2_AMP,True,0,260,0.0,4,5345,0.07,,,,0.0,,
NF2_HOMDEL_OR_DEEP,True,0,260,0.0,1,5345,0.02,,,,0.0,,
NFKBIA_HOMDEL,False,0,251,0.0,1,5193,0.02,,,,0.0,,
NFKBIA_HOMDEL_OR_DEEP,False,0,251,0.0,1,5193,0.02,,,,0.0,,
NKX2-1_AMP,True,0,260,0.0,3,5345,0.06,,,,0.0,,
NKX2-1_HOMDEL,True,0,260,0.0,10,5345,0.19,,,,0.0,,
NKX3-1_HOMDEL,True,3,260,1.15,184,5345,3.44,0.335,0.108,1.042,0.327,,
NOTCH1_HOMDEL,True,0,260,0.0,1,5345,0.02,,,,0.0,,
NOTCH1_HOMDEL_OR_DEEP,True,0,260,0.0,1,5345,0.02,,,,0.0,,
NOTCH2_HOMDEL,True,0,260,0.0,1,5345,0.02,,,,0.0,,
NOTCH2_HOMDEL_OR_DEEP,True,0,260,0.0,3,5345,0.06,,,,0.0,,
NOTCH3_HOMDEL,True,0,260,0.0,1,5345,0.02,,,,0.0,,
NOTCH3_HOMDEL_OR_DEEP,True,0,260,0.0,1,5345,0.02,,,,0.0,,
NOTCH4_AMP,True,0,260,0.0,1,5345,0.02,,,,0.0,,
NRAS_HOMDEL,True,0,260,0.0,5,5345,0.09,,,,0.0,,
NSD1_AMP,True,0,260,0.0,3,5345,0.06,,,,0.0,,
NSD2_AMP,False,0,211,0.0,1,4512,0.02,,,,0.0,,
NSD2_HOMDEL,False,1,211,0.47,8,4512,0.18,2.673,0.336,21.274,2.681,,
NSD3_HOMDEL,False,1,211,0.47,30,4512,0.66,0.713,0.098,5.202,0.711,,
NTHL1_AMP,False,0,211,0.0,3,4512,0.07,,,,0.0,,
NTHL1_HOMDEL,False,1,211,0.47,3,4512,0.07,7.128,0.745,68.24,7.157,,
NTHL1_HOMDEL_OR_DEEP,False,1,211,0.47,3,4512,0.07,7.128,0.745,68.24,7.157,,
NTRK3_AMP,True,0,260,0.0,2,5345,0.04,,,,0.0,,
NTRK3_HOMDEL,True,0,260,0.0,9,5345,0.17,,,,0.0,,
NUF2_AMP,False,0,211,0.0,1,4512,0.02,,,,0.0,,
NUP93_AMP,False,0,251,0.0,1,5193,0.02,,,,0.0,,
PAK5_HOMDEL,True,0,260,0.0,16,5345,0.3,,,,0.0,,
PARP1_AMP,True,0,260,0.0,1,5345,0.02,,,,0.0,,
PARP1_HOMDEL,True,0,260,0.0,3,5345,0.06,,,,0.0,,
PARP1_HOMDEL_OR_DEEP,True,0,260,0.0,3,5345,0.06,,,,0.0,,
PAX5_HOMDEL,True,0,260,0.0,2,5345,0.04,,,,0.0,,
PAX5_HOMDEL_OR_DEEP,True,0,260,0.0,2,5345,0.04,,,,0.0,,
PBRM1_HOMDEL_OR_DEEP,True,0,260,0.0,1,5345,0.02,,,,0.0,,
PDCD1LG2_HOMDEL,False,0,211,0.0,1,4512,0.02,,,,0.0,,
PDCD1LG2_HOMDEL_OR_DEEP,False,0,211,0.0,1,4512,0.02,,,,0.0,,
PDCD1_HOMDEL,True,0,260,0.0,1,5345,0.02,,,,0.0,,
PDCD1_HOMDEL_OR_DEEP,True,0,260,0.0,1,5345,0.02,,,,0.0,,
PDGFRA_AMP,True,0,260,0.0,3,5345,0.06,,,,0.0,,
PDGFRA_HOMDEL,True,0,260,0.0,1,5345,0.02,,,,0.0,,
PDGFRA_HOMDEL_OR_DEEP,True,0,260,0.0,1,5345,0.02,,,,0.0,,
PDGFRB_HOMDEL,True,0,260,0.0,3,5345,0.06,,,,0.0,,
PDGFRB_HOMDEL_OR_DEEP,True,0,260,0.0,3,5345,0.06,,,,0.0,,
PGBD5_HOMDEL,False,0,92,0.0,1,2012,0.05,,,,0.0,,
PGBD5_HOMDEL_OR_DEEP,False,0,92,0.0,1,2012,0.05,,,,0.0,,
PGR_HOMDEL_OR_DEEP,False,0,251,0.0,1,5193,0.02,,,,0.0,,
PHF6_AMP,False,0,92,0.0,2,2012,0.1,,,,0.0,,
PHOX2B_AMP,True,0,260,0.0,1,5345,0.02,,,,0.0,,
PHOX2B_HOMDEL,True,1,260,0.38,3,5345,0.06,6.853,0.715,65.655,6.875,,
PHOX2B_HOMDEL_OR_DEEP,True,1,260,0.38,3,5345,0.06,6.853,0.715,65.655,6.875,,
PIK3C2G_HOMDEL,True,0,260,0.0,1,5345,0.02,,,,0.0,,
PIK3C2G_HOMDEL_OR_DEEP,True,0,260,0.0,4,5345,0.07,,,,0.0,,
PIK3C3_HOMDEL,True,0,260,0.0,26,5345,0.49,,,,0.0,,
PIK3CD_AMP,True,0,260,0.0,1,5345,0.02,,,,0.0,,
PIK3CD_HOMDEL,True,0,260,0.0,4,5345,0.07,,,,0.0,,
PIK3CD_HOMDEL_OR_DEEP,True,0,260,0.0,4,5345,0.07,,,,0.0,,
PIK3CG_AMP,True,2,260,0.77,1,5345,0.02,41.115,3.74,451.987,41.426,,
PIK3R1_HOMDEL,True,0,260,0.0,11,5345,0.21,,,,0.0,,
PIK3R2_AMP,True,0,260,0.0,3,5345,0.06,,,,0.0,,
PIK3R2_HOMDEL_OR_DEEP,True,0,260,0.0,1,5345,0.02,,,,0.0,,
PIK3R3_AMP,True,0,260,0.0,3,5345,0.06,,,,0.0,,
PLCG2_HOMDEL_OR_DEEP,False,0,251,0.0,1,5193,0.02,,,,0.0,,
PLK2_AMP,True,1,260,0.38,3,5345,0.06,6.853,0.715,65.655,6.875,,
PLK2_HOMDEL,True,0,260,0.0,3,5345,0.06,,,,0.0,,
PLK2_HOMDEL_OR_DEEP,True,0,260,0.0,3,5345,0.06,,,,0.0,,
PMAIP1_HOMDEL,True,0,260,0.0,37,5345,0.69,,,,0.0,,
PMAIP1_MUT,True,1,260,0.38,2,5345,0.04,10.279,0.935,112.997,10.315,,
PMS1_AMP,True,0,260,0.0,2,5345,0.04,,,,0.0,,
PNRC1_HOMDEL,True,0,260,0.0,1,5345,0.02,,,,0.0,,
PNRC1_HOMDEL_OR_DEEP,True,0,260,0.0,1,5345,0.02,,,,0.0,,
POLD1_HOMDEL,False,0,251,0.0,1,5193,0.02,,,,0.0,,
POLD1_HOMDEL_OR_DEEP,False,0,251,0.0,1,5193,0.02,,,,0.0,,
POLE_HOMDEL,True,0,260,0.0,3,5345,0.06,,,,0.0,,
POLE_HOMDEL_OR_DEEP,True,0,260,0.0,4,5345,0.07,,,,0.0,,
POT1_AMP,False,0,92,0.0,1,2012,0.05,,,,0.0,,
PPARG_AMP,False,0,211,0.0,1,4512,0.02,,,,0.0,,
PPM1D_AMP,False,0,251,0.0,2,5193,0.04,,,,0.0,,
PPM1D_HOMDEL_OR_DEEP,False,0,251,0.0,1,5193,0.02,,,,0.0,,
PPP2R1A_HOMDEL,True,0,260,0.0,1,5345,0.02,,,,0.0,,
PPP2R1A_HOMDEL_OR_DEEP,True,0,260,0.0,1,5345,0.02,,,,0.0,,
PPP4R2_AMP,False,0,211,0.0,3,4512,0.07,,,,0.0,,
PPP4R2_HOMDEL,False,0,211,0.0,1,4512,0.02,,,,0.0,,
PPP4R2_HOMDEL_OR_DEEP,False,0,211,0.0,1,4512,0.02,,,,0.0,,
PRDM14_HOMDEL,False,1,211,0.47,0,4512,0.0,,,,,,
PRDM14_HOMDEL_OR_DEEP,False,1,211,0.47,0,4512,0.0,,,,,,
PRDM1_AMP,True,0,260,0.0,4,5345,0.07,,,,0.0,,
PRDM1_HOMDEL,True,1,260,0.38,1,5345,0.02,20.558,1.289,327.765,20.633,,
PRDM1_HOMDEL_OR_DEEP,True,1,260,0.38,1,5345,0.02,20.558,1.289,327.765,20.633,,
PREX2_HOMDEL,False,0,211,0.0,1,4512,0.02,,,,0.0,,
PREX2_HOMDEL_OR_DEEP,False,0,211,0.0,1,4512,0.02,,,,0.0,,
PRKAR1A_AMP,True,0,260,0.0,4,5345,0.07,,,,0.0,,
PRKAR1A_HOMDEL,True,0,260,0.0,4,5345,0.07,,,,0.0,,
PRKAR1A_HOMDEL_OR_DEEP,True,0,260,0.0,4,5345,0.07,,,,0.0,,
PRKD1_AMP,False,0,211,0.0,3,4512,0.07,,,,0.0,,
PRKD1_HOMDEL,False,0,211,0.0,4,4512,0.09,,,,0.0,,
PRKN_HOMDEL,True,0,260,0.0,4,5345,0.07,,,,0.0,,
PTCH1_AMP,True,0,260,0.0,1,5345,0.02,,,,0.0,,
PTCH1_HOMDEL,True,0,260,0.0,1,5345,0.02,,,,0.0,,
PTCH1_HOMDEL_OR_DEEP,True,0,260,0.0,1,5345,0.02,,,,0.0,,
PTEN_HOMDEL,True,8,260,3.08,53,5345,0.99,3.103,1.491,6.458,3.17,,
PTP4A1_AMP,False,0,211,0.0,2,4512,0.04,,,,0.0,,
PTPRD_AMP,True,0,260,0.0,3,5345,0.06,,,,0.0,,
PTPRD_HOMDEL,True,2,260,0.77,2,5345,0.04,20.558,2.907,145.369,20.709,,
PTPRS_AMP,True,1,260,0.38,2,5345,0.04,10.279,0.935,112.997,10.315,,
PTPRS_HOMDEL,True,0,260,0.0,3,5345,0.06,,,,0.0,,
PTPRS_HOMDEL_OR_DEEP,True,0,260,0.0,3,5345,0.06,,,,0.0,,
PTPRT_HOMDEL,True,0,260,0.0,1,5345,0.02,,,,0.0,,
PTPRT_HOMDEL_OR_DEEP,True,0,260,0.0,3,5345,0.06,,,,0.0,,
RAB35_AMP,False,0,251,0.0,1,5193,0.02,,,,0.0,,
RAC2_HOMDEL,False,1,211,0.47,8,4512,0.18,2.673,0.336,21.274,2.681,,
RAC2_MUT,False,0,211,0.0,3,4512,0.07,,,,0.0,,
RAD50_HOMDEL,True,0,260,0.0,4,5345,0.07,,,,0.0,,
RAD50_HOMDEL_OR_DEEP,True,0,260,0.0,4,5345,0.07,,,,0.0,,
RAD51B_HOMDEL,True,0,260,0.0,1,5345,0.02,,,,0.0,,
RAD51B_HOMDEL_OR_DEEP,True,0,260,0.0,3,5345,0.06,,,,0.0,,
RAD51C_AMP,True,0,260,0.0,1,5345,0.02,,,,0.0,,
RAD51C_HOMDEL,True,1,260,0.38,1,5345,0.02,20.558,1.289,327.765,20.633,,
RAD51C_HOMDEL_OR_DEEP,True,1,260,0.38,1,5345,0.02,20.558,1.289,327.765,20.633,,
RAD51D_AMP,True,1,260,0.38,3,5345,0.06,6.853,0.715,65.655,6.875,,
RAD51_AMP,True,1,260,0.38,0,5345,0.0,,,,,,
RAD51_HOMDEL,True,0,260,0.0,1,5345,0.02,,,,0.0,,
RAD51_HOMDEL_OR_DEEP,True,0,260,0.0,1,5345,0.02,,,,0.0,,
RAF1_AMP,True,0,260,0.0,1,5345,0.02,,,,0.0,,
RARA_HOMDEL,True,0,260,0.0,1,5345,0.02,,,,0.0,,
RARA_HOMDEL_OR_DEEP,True,0,260,0.0,1,5345,0.02,,,,0.0,,
RASA1_HOMDEL,True,0,260,0.0,12,5345,0.22,,,,0.0,,
RB1_HOMDEL,True,1,260,0.38,4,5345,0.07,5.139,0.576,45.821,5.155,,
RBM10_HOMDEL,True,0,260,0.0,3,5345,0.06,,,,0.0,,
RBM10_HOMDEL_OR_DEEP,True,0,260,0.0,3,5345,0.06,,,,0.0,,
RECQL4_HOMDEL,True,0,260,0.0,4,5345,0.07,,,,0.0,,
RECQL4_HOMDEL_OR_DEEP,True,0,260,0.0,4,5345,0.07,,,,0.0,,
REL_AMP,True,0,260,0.0,2,5345,0.04,,,,0.0,,
REL_HOMDEL_OR_DEEP,True,0,260,0.0,1,5345,0.02,,,,0.0,,
RET_AMP,True,1,260,0.38,2,5345,0.04,10.279,0.935,112.997,10.315,,
RET_HOMDEL,True,0,260,0.0,10,5345,0.19,,,,0.0,,
RHOA_HOMDEL,True,0,260,0.0,1,5345,0.02,,,,0.0,,
RHOA_HOMDEL_OR_DEEP,True,0,260,0.0,1,5345,0.02,,,,0.0,,
RIT1_AMP,True,0,260,0.0,2,5345,0.04,,,,0.0,,
RNF43_HOMDEL,True,0,260,0.0,4,5345,0.07,,,,0.0,,
ROS1_HOMDEL,True,0,260,0.0,2,5345,0.04,,,,0.0,,
ROS1_HOMDEL_OR_DEEP,True,0,260,0.0,2,5345,0.04,,,,0.0,,
RPS6KA4_HOMDEL,True,0,260,0.0,1,5345,0.02,,,,0.0,,
RPS6KA4_HOMDEL_OR_DEEP,True,0,260,0.0,1,5345,0.02,,,,0.0,,
RPS6KB2_HOMDEL,True,0,260,0.0,3,5345,0.06,,,,0.0,,
RPS6KB2_HOMDEL_OR_DEEP,True,0,260,0.0,3,5345,0.06,,,,0.0,,
RPTOR_AMP,True,0,260,0.0,4,5345,0.07,,,,0.0,,
RPTOR_HOMDEL_OR_DEEP,True,0,260,0.0,1,5345,0.02,,,,0.0,,
RRAS2_AMP,False,0,211,0.0,3,4512,0.07,,,,0.0,,
RRAS_AMP,False,0,211,0.0,1,4512,0.02,,,,0.0,,
RRAS_HOMDEL,False,0,211,0.0,1,4512,0.02,,,,0.0,,
RRAS_HOMDEL_OR_DEEP,False,0,211,0.0,1,4512,0.02,,,,0.0,,
RUNX1_HOMDEL,True,1,260,0.38,6,5345,0.11,3.426,0.414,28.356,3.436,,
RXRA_AMP,False,0,211,0.0,1,4512,0.02,,,,0.0,,
RXRA_HOMDEL,False,0,211,0.0,2,4512,0.04,,,,0.0,,
RXRA_HOMDEL_OR_DEEP,False,0,211,0.0,2,4512,0.04,,,,0.0,,
SDHAF2_AMP,True,0,260,0.0,1,5345,0.02,,,,0.0,,
SDHA_HOMDEL,True,1,260,0.38,0,5345,0.0,,,,,,
SDHA_HOMDEL_OR_DEEP,True,1,260,0.38,0,5345,0.0,,,,,,
SDHB_HOMDEL,True,0,260,0.0,1,5345,0.02,,,,0.0,,
SDHB_HOMDEL_OR_DEEP,True,0,260,0.0,1,5345,0.02,,,,0.0,,
SDHC_AMP,True,0,260,0.0,1,5345,0.02,,,,0.0,,
SDHD_AMP,True,0,260,0.0,1,5345,0.02,,,,0.0,,
SDHD_HOMDEL,True,0,260,0.0,2,5345,0.04,,,,0.0,,
SDHD_HOMDEL_OR_DEEP,True,0,260,0.0,2,5345,0.04,,,,0.0,,
SERPINB3_AMP,False,1,92,1.09,0,2012,0.0,,,,,,
SERPINB3_HOMDEL,False,0,92,0.0,11,2012,0.55,,,,0.0,,
SERPINB4_AMP,False,1,92,1.09,0,2012,0.0,,,,,,
SERPINB4_HOMDEL,False,0,92,0.0,12,2012,0.6,,,,0.0,,
SESN1_HOMDEL,False,1,211,0.47,2,4512,0.04,10.692,0.973,117.451,10.738,,
SESN1_HOMDEL_OR_DEEP,False,1,211,0.47,2,4512,0.04,10.692,0.973,117.451,10.738,,
SESN2_HOMDEL,False,1,211,0.47,7,4512,0.16,3.055,0.378,24.717,3.065,,
SF3B1_AMP,True,0,260,0.0,4,5345,0.07,,,,0.0,,
SH2D1A_AMP,True,0,260,0.0,2,5345,0.04,,,,0.0,,
SH2D1A_HOMDEL,True,0,260,0.0,1,5345,0.02,,,,0.0,,
SH2D1A_HOMDEL_OR_DEEP,True,0,260,0.0,1,5345,0.02,,,,0.0,,
SHOC2_AMP,False,0,211,0.0,3,4512,0.07,,,,0.0,,
SLFN11_AMP,False,0,92,0.0,1,2012,0.05,,,,0.0,,
SLFN11_HOMDEL,False,1,92,1.09,0,2012,0.0,,,,,,
SLFN11_HOMDEL_OR_DEEP,False,1,92,1.09,0,2012,0.0,,,,,,
SLX4_AMP,False,0,211,0.0,2,4512,0.04,,,,0.0,,
SLX4_HOMDEL,False,1,211,0.47,0,4512,0.0,,,,,,
SLX4_HOMDEL_OR_DEEP,False,1,211,0.47,0,4512,0.0,,,,,,
SMAD2_HOMDEL,True,1,260,0.38,54,5345,1.01,0.381,0.053,2.741,0.378,,
SMAD3_HOMDEL,True,2,260,0.77,42,5345,0.79,0.979,0.238,4.022,0.979,,
SMAD4_HOMDEL,True,12,260,4.62,164,5345,3.07,1.504,0.848,2.667,1.529,,
SMARCA2_AMP,False,0,92,0.0,2,2012,0.1,,,,0.0,,
SMARCA2_HOMDEL,False,1,92,1.09,1,2012,0.05,21.87,1.379,346.91,22.099,,
SMARCA2_HOMDEL_OR_DEEP,False,1,92,1.09,1,2012,0.05,21.87,1.379,346.91,22.099,,
SMARCA4_HOMDEL,True,0,260,0.0,1,5345,0.02,,,,0.0,,
SMARCA4_HOMDEL_OR_DEEP,True,0,260,0.0,2,5345,0.04,,,,0.0,,
SMARCB1_AMP,True,0,260,0.0,3,5345,0.06,,,,0.0,,
SMARCB1_HOMDEL,True,0,260,0.0,1,5345,0.02,,,,0.0,,
SMARCB1_HOMDEL_OR_DEEP,True,0,260,0.0,1,5345,0.02,,,,0.0,,
SMARCD1_HOMDEL,True,0,260,0.0,1,5345,0.02,,,,0.0,,
SMARCD1_HOMDEL_OR_DEEP,True,0,260,0.0,1,5345,0.02,,,,0.0,,
SMYD3_HOMDEL_OR_DEEP,False,0,211,0.0,2,4512,0.04,,,,0.0,,
SOX2_AMP,True,0,260,0.0,2,5345,0.04,,,,0.0,,
SOX2_HOMDEL,True,0,260,0.0,1,5345,0.02,,,,0.0,,
SOX2_HOMDEL_OR_DEEP,True,0,260,0.0,1,5345,0.02,,,,0.0,,
SOX9_AMP,True,0,260,0.0,1,5345,0.02,,,,0.0,,
SOX9_HOMDEL,True,0,260,0.0,13,5345,0.24,,,,0.0,,
SPEN_AMP,True,0,260,0.0,1,5345,0.02,,,,0.0,,
SPEN_HOMDEL,True,0,260,0.0,1,5345,0.02,,,,0.0,,
SPEN_HOMDEL_OR_DEEP,True,0,260,0.0,1,5345,0.02,,,,0.0,,
SPRED1_AMP,False,1,211,0.47,0,4512,0.0,,,,,,
SPRED1_HOMDEL,False,0,211,0.0,1,4512,0.02,,,,0.0,,
SPRED1_HOMDEL_OR_DEEP,False,0,211,0.0,1,4512,0.02,,,,0.0,,
SPRTN_HOMDEL,False,0,92,0.0,1,2012,0.05,,,,0.0,,
SPRTN_HOMDEL_OR_DEEP,False,0,92,0.0,1,2012,0.05,,,,0.0,,
SRSF2_AMP,False,0,251,0.0,2,5193,0.04,,,,0.0,,
SRSF2_HOMDEL,False,0,251,0.0,3,5193,0.06,,,,0.0,,
SRSF2_HOMDEL_OR_DEEP,False,0,251,0.0,3,5193,0.06,,,,0.0,,
SRSF2_MUT,False,0,251,0.0,4,5193,0.08,,,,0.0,,
STAG2_AMP,True,0,260,0.0,2,5345,0.04,,,,0.0,,
STAG2_HOMDEL,True,0,260,0.0,1,5345,0.02,,,,0.0,,
STAG2_HOMDEL_OR_DEEP,True,0,260,0.0,1,5345,0.02,,,,0.0,,
STK11_AMP,True,0,260,0.0,1,5345,0.02,,,,0.0,,
STK11_HOMDEL,True,0,260,0.0,5,5345,0.09,,,,0.0,,
STK40_HOMDEL,True,0,260,0.0,1,5345,0.02,,,,0.0,,
STK40_HOMDEL_OR_DEEP,True,0,260,0.0,1,5345,0.02,,,,0.0,,
SUFU_AMP,True,0,260,0.0,2,5345,0.04,,,,0.0,,
SUFU_HOMDEL,True,0,260,0.0,2,5345,0.04,,,,0.0,,
SUFU_HOMDEL_OR_DEEP,True,0,260,0.0,2,5345,0.04,,,,0.0,,
SYK_AMP,True,0,260,0.0,1,5345,0.02,,,,0.0,,
TAP1_AMP,False,0,211,0.0,1,4512,0.02,,,,0.0,,
TAP2_AMP,False,0,211,0.0,1,4512,0.02,,,,0.0,,
TBX3_HOMDEL,True,0,260,0.0,2,5345,0.04,,,,0.0,,
TBX3_HOMDEL_OR_DEEP,True,0,260,0.0,2,5345,0.04,,,,0.0,,
TCF3_HOMDEL,False,0,251,0.0,4,5193,0.08,,,,0.0,,
TCF3_HOMDEL_OR_DEEP,False,0,251,0.0,4,5193,0.08,,,,0.0,,
TCF7L2_HOMDEL,False,0,251,0.0,3,5193,0.06,,,,0.0,,
TEK_AMP,False,0,211,0.0,1,4512,0.02,,,,0.0,,
TEK_HOMDEL,False,0,211,0.0,7,4512,0.16,,,,0.0,,
TENT5C_HOMDEL,True,0,260,0.0,2,5345,0.04,,,,0.0,,
TENT5C_HOMDEL_OR_DEEP,True,0,260,0.0,2,5345,0.04,,,,0.0,,
TERT_HOMDEL,True,1,260,0.38,1,5345,0.02,20.558,1.289,327.765,20.633,,
TERT_HOMDEL_OR_DEEP,True,1,260,0.38,1,5345,0.02,20.558,1.289,327.765,20.633,,
TET1_AMP,True,1,260,0.38,3,5345,0.06,6.853,0.715,65.655,6.875,,
TET1_HOMDEL,True,0,260,0.0,3,5345,0.06,,,,0.0,,
TET1_HOMDEL_OR_DEEP,True,0,260,0.0,3,5345,0.06,,,,0.0,,
TET2_HOMDEL,True,0,260,0.0,3,5345,0.06,,,,0.0,,
TGFBR2_HOMDEL,True,2,260,0.77,9,5345,0.17,4.568,0.992,21.037,4.596,,
TMPRSS2_HOMDEL,True,1,260,0.38,3,5345,0.06,6.853,0.715,65.655,6.875,,
TMPRSS2_HOMDEL_OR_DEEP,True,1,260,0.38,3,5345,0.06,6.853,0.715,65.655,6.875,,
TNFRSF14_AMP,True,0,260,0.0,3,5345,0.06,,,,0.0,,
TNFRSF14_HOMDEL,True,0,260,0.0,2,5345,0.04,,,,0.0,,
TNFRSF14_HOMDEL_OR_DEEP,True,0,260,0.0,2,5345,0.04,,,,0.0,,
TP53BP1_AMP,False,1,211,0.47,0,4512,0.0,,,,,,
TP53BP1_HOMDEL,False,0,211,0.0,1,4512,0.02,,,,0.0,,
TP53BP1_HOMDEL_OR_DEEP,False,0,211,0.0,1,4512,0.02,,,,0.0,,
TP53_AMP,True,0,260,0.0,1,5345,0.02,,,,0.0,,
TP53_HOMDEL,True,1,260,0.38,20,5345,0.37,1.028,0.138,7.63,1.028,,
TP63_HOMDEL,True,0,260,0.0,2,5345,0.04,,,,0.0,,
TP63_HOMDEL_OR_DEEP,True,0,260,0.0,2,5345,0.04,,,,0.0,,
TRAF7_AMP,True,0,260,0.0,3,5345,0.06,,,,0.0,,
TRAF7_HOMDEL,True,1,260,0.38,1,5345,0.02,20.558,1.289,327.765,20.633,,
TRAF7_HOMDEL_OR_DEEP,True,1,260,0.38,1,5345,0.02,20.558,1.289,327.765,20.633,,
TRIP13_AMP,False,0,92,0.0,3,2012,0.15,,,,0.0,,
TRIP13_HOMDEL,False,1,92,1.09,0,2012,0.0,,,,,,
TRIP13_HOMDEL_OR_DEEP,False,1,92,1.09,0,2012,0.0,,,,,,
TRIP13_MUT,False,0,92,0.0,4,2012,0.2,,,,0.0,,
TSC1_AMP,True,0,260,0.0,1,5345,0.02,,,,0.0,,
TSC1_HOMDEL,True,0,260,0.0,1,5345,0.02,,,,0.0,,
TSC1_HOMDEL_OR_DEEP,True,0,260,0.0,1,5345,0.02,,,,0.0,,
TSC2_AMP,True,0,260,0.0,3,5345,0.06,,,,0.0,,
TSC2_HOMDEL,True,1,260,0.38,3,5345,0.06,6.853,0.715,65.655,6.875,,
TSHR_HOMDEL,True,0,260,0.0,2,5345,0.04,,,,0.0,,
TSHR_HOMDEL_OR_DEEP,True,0,260,0.0,2,5345,0.04,,,,0.0,,
U2AF1_HOMDEL,True,1,260,0.38,3,5345,0.06,6.853,0.715,65.655,6.875,,
UPF1_AMP,False,0,211,0.0,4,4512,0.09,,,,0.0,,
USP8_HOMDEL,False,0,92,0.0,1,2012,0.05,,,,0.0,,
USP8_HOMDEL_OR_DEEP,False,0,92,0.0,1,2012,0.05,,,,0.0,,
VTCN1_HOMDEL,True,0,260,0.0,3,5345,0.06,,,,0.0,,
VTCN1_HOMDEL_OR_DEEP,True,0,260,0.0,3,5345,0.06,,,,0.0,,
WHR1_AMP,False,0,211,0.0,3,4512,0.07,,,,0.0,,
WT1_AMP,True,0,260,0.0,2,5345,0.04,,,,0.0,,
WT1_HOMDEL,True,0,260,0.0,1,5345,0.02,,,,0.0,,
WT1_HOMDEL_OR_DEEP,True,0,260,0.0,1,5345,0.02,,,,0.0,,
WWTR1_HOMDEL_OR_DEEP,False,0,211,0.0,1,4512,0.02,,,,0.0,,
XPO1_AMP,True,0,260,0.0,2,5345,0.04,,,,0.0,,
YES1_HOMDEL,True,0,260,0.0,6,5345,0.11,,,,0.0,,
ZFHX3_AMP,False,0,251,0.0,2,5193,0.04,,,,0.0,,
ZFHX3_HOMDEL_OR_DEEP,False,0,251,0.0,1,5193,0.02,,,,0.0,,
ZNRF3_AMP,False,0,92,0.0,2,2012,0.1,,,,0.0,,
ZNRF3_HOMDEL,False,3,92,3.26,2,2012,0.1,32.804,5.549,193.939,33.876,,
ZRSR2_HOMDEL,False,1,251,0.4,7,5193,0.13,2.956,0.365,23.932,2.963,,
